-- phpMyAdmin SQL Dump
-- version 4.0.10deb1
-- http://www.phpmyadmin.net
--
-- Host: localhost
-- Generation Time: Oct 26, 2020 at 10:08 PM
-- Server version: 5.5.44-0ubuntu0.14.04.1
-- PHP Version: 5.5.9-1ubuntu4.11

SET SQL_MODE = "NO_AUTO_VALUE_ON_ZERO";
SET time_zone = "+00:00";


/*!40101 SET @OLD_CHARACTER_SET_CLIENT=@@CHARACTER_SET_CLIENT */;
/*!40101 SET @OLD_CHARACTER_SET_RESULTS=@@CHARACTER_SET_RESULTS */;
/*!40101 SET @OLD_COLLATION_CONNECTION=@@COLLATION_CONNECTION */;
/*!40101 SET NAMES utf8 */;

--
-- Database: `f35ee`
--

-- --------------------------------------------------------

--
-- Table structure for table `cinemas`
--

CREATE TABLE IF NOT EXISTS `cinemas` (
  `id` int(8) NOT NULL AUTO_INCREMENT,
  `cinema_name` varchar(255) NOT NULL,
  `address` varchar(255) NOT NULL,
  `telephone` varchar(255) NOT NULL,
  `description` varchar(1000) NOT NULL,
  `picture` varchar(255) NOT NULL,
  PRIMARY KEY (`id`)
) ENGINE=InnoDB  DEFAULT CHARSET=utf8 AUTO_INCREMENT=4 ;

--
-- Dumping data for table `cinemas`
--

INSERT INTO `cinemas` (`id`, `cinema_name`, `address`, `telephone`, `description`, `picture`) VALUES
(1, 'Marina', '20 Fifth Marina Avenue\r\nTermasek 978054', '9984 3636', '', '/cinemas/marina-theatre.jpg'),
(2, 'Downtown', '12 Alme Street\r\nNew Carolina NC 27665-8868\r\nNSA', '189-777-236', '', '/cinemas/downtown-theatre.png'),
(3, 'Royal', '2-7-6 Nakacho, Nishi-ku\r\nUmeruzawa 273-8888', '03-1194-8471', '', '/cinemas/royal-theatre.jpg');

-- --------------------------------------------------------

--
-- Table structure for table `movies`
--

CREATE TABLE IF NOT EXISTS `movies` (
  `id` int(3) NOT NULL AUTO_INCREMENT,
  `movie_name` varchar(255) NOT NULL,
  `genre` varchar(255) NOT NULL,
  `description` varchar(1000) NOT NULL,
  `picture_url` varchar(1000) NOT NULL,
  PRIMARY KEY (`id`)
) ENGINE=InnoDB  DEFAULT CHARSET=utf8 AUTO_INCREMENT=26 ;

--
-- Dumping data for table `movies`
--

INSERT INTO `movies` (`id`, `movie_name`, `genre`, `description`, `picture_url`) VALUES
(1, 'Welcome to Sudden Death', 'Action, Thriller, Adventure, Drama', 'Jesse Freeman is a former special forces officer and explosives expert now working a regular job as a security guard in a state-of-the-art basketball arena. Trouble erupts when a tech-savvy cadre of terrorists kidnap the team''s owner and Jesse''s daughter during opening night. Facing a ticking clock and impossible odds, it''s up to Jesse to not only save them but also a full house of fans in this highly charged action thriller.', '/assets/movie_posters/welcome_to_sudden_death.jpg'),
(2, 'Enola Holmes', 'Crime, Drama, Mystery', 'While searching for her missing mother, intrepid teen Enola Holmes uses her sleuthing skills to outsmart big brother Sherlock and help a runaway lord.', '/assets/movie_posters/enola_holmes.jpg'),
(3, 'Mulan', 'Action, Adventure, Drama, Fantasy', 'When the Emperor of China issues a decree that one man per family must serve in the Imperial Chinese Army to defend the country from Huns, Hua Mulan, the eldest daughter of an honored warrior, steps in to take the place of her ailing father. She is spirited, determined and quick on her feet. Disguised as a man by the name of Hua Jun, she is tested every step of the way and must harness her innermost strength and embrace her true potential.', '/assets/movie_posters/mulan.jpg'),
(4, '2067', 'Science Fiction, Thriller, Drama', 'A lowly utility worker is called to the future by a mysterious radio signal, he must leave his dying wife to embark on a journey that will force him to face his deepest fears in an attempt to change the fabric of reality and save humankind from its greatest environmental crisis yet.', '/assets/movie_posters/2067.jpg'),
(5, 'Hard Kill', 'Action, Thriller', 'The work of billionaire tech CEO Donovan Chalmers is so valuable that he hires mercenaries to protect it, and a terrorist group kidnaps his daughter just to get it.', '/assets/movie_posters/hard_kill.jpg'),
(6, 'Money Plane', 'Action', 'A professional thief with $40 million in debt and his family''s life on the line must commit one final heist - rob a futuristic airborne casino filled with the world''s most dangerous criminals.', '/assets/movie_posters/money_plane.jpg'),
(7, 'Happy Halloween Scooby-Doo!', 'Animation, Family, Mystery, Comedy, Crime', 'Scooby-Doo and the gang team up with their pals, Bill Nye The Science Guy and Elvira Mistress of the Dark, to solve this mystery of gigantic proportions and save Crystal Cove!', '/assets/movie_posters/happy_halloween_scooby-doo!.jpg'),
(8, 'Rogue', 'Action', 'Battle-hardened O’Hara leads a lively mercenary team of soldiers on a daring mission: rescue hostages from their captors in remote Africa. But as the mission goes awry and the team is stranded, O’Hara’s squad must face a bloody, brutal encounter with a gang of rebels.', '/assets/movie_posters/rogue.jpg'),
(9, 'My Hero Academia: Heroes Rising', 'Animation, Action', 'Class 1-A visits Nabu Island where they finally get to do some real hero work. The place is so peaceful that it''s more like a vacation … until they''re attacked by a villain with an unfathomable Quirk! His power is eerily familiar, and it looks like Shigaraki had a hand in the plan. But with All Might retired and citizens'' lives on the line, there''s no time for questions. Deku and his friends are the next generation of heroes, and they''re the island''s only hope.', '/assets/movie_posters/my_hero_academia_hero_rising.jpg'),
(10, 'Beckman', 'Action', 'A contract killer, becomes the reverend of a LA church, until a cult leader and his minions kidnap his daughter. Blinded by vengeance, he cuts a bloody path across the city. The only thing that can stop him is his newfound faith.', '/assets/movie_posters/beckman.jpg'),
(11, 'American Pie Presents: Girls Rules', 'Comedy', 'It''s Senior year at East Great Falls. Annie, Kayla, Michelle, and Stephanie decide to harness their girl power and band together to get what they want their last year of high school.', '/assets/movie_posters/america_pie_presents_girls_rules.jpg'),
(12, 'Santana', 'Action', 'Two brothers — one a narcotics agent and the other a general — finally discover the identity of the drug lord who murdered their parents decades ago. They may kill each other before capturing the bad guys.', '/assets/movie_posters/santana.jpg'),
(13, 'Peninsula', 'Action, Horror, Thriller', 'A soldier and his team battle hordes of post-apocalyptic zombies in the wastelands of the Korean Peninsula.', '/assets/movie_posters/peninsula.jpg'),
(14, 'Ava', 'Action, Crime, Drama, Thriller', 'A black ops assassin is forced to fight for her own survival after a job goes dangerously wrong.', '/assets/movie_posters/ava.jpg'),
(15, 'Unknown Origins', 'Drama, Thriller', 'In Madrid, Spain, a mysterious serial killer ruthlessly murders his victims by recreating the first appearance of several comic book superheroes. Cosme, a veteran police inspector who is about to retire, works on the case along with the tormented inspector David Valentín and his own son Jorge Elías, a nerdy young man who owns a comic book store.', '/assets/movie_posters/unknown_origins.jpg'),
(16, 'Artemis Fowl', 'Adventure, Fantasy, Science Fiction, Family, Action', 'Artemis Fowl is a 12-year-old genius and descendant of a long line of criminal masterminds. He soon finds himself in an epic battle against a race of powerful underground fairies who may be behind his father''s disappearance.', '/assets/movie_posters/artemis_fowl.jpg'),
(17, 'Archive', 'Science Fiction, Drama, Thriller', '2038: George Almore is working on a true human-equivalent AI, and his latest prototype is almost ready. This sensitive phase is also the riskiest as he has a goal that must be hidden at all costs—being reunited with his dead wife.', '/assets/movie_posters/archive.jpg'),
(18, 'Project Power', 'Action, Crime, Science Fiction', 'An ex-soldier, a teen and a cop collide in New Orleans as they hunt for the source behind a dangerous new pill that grants users temporary superpowers.', '/assets/movie_posters/project_power.jpg'),
(19, 'One Night in Bangkok', 'Action, Thriller', 'A hit man named Kai flies into Bangkok, gets a gun, and orders a cab. He offers a professional female driver big money to be his all-night driver. But when she realizes Kai is committing brutal murders at each stop, it''s too late to walk away. Meanwhile, an offbeat police detective races to decode the string of slayings before more blood is spilled.', '/assets/movie_posters/one_night_in_bangkok.jpg'),
(20, 'We Bare Bears: The Movie', 'Family, Animation, Adventure, Comedy, Mystery', 'When Grizz, Panda, and Ice Bear''s love of food trucks and viral videos went out of hand, it catches the attention of Agent Trout from the National Wildlife Control, who pledges to restore the “natural order” by separating them forever. Chased away from their home, the Bears embark on an epic road trip as they seek refuge in Canada, with their journey being filled with new friends, perilous obstacles, and huge parties. The risky journey also forces the Bears to face how they first met and became brothers, in order to keep their family bond from splitting apart.', '/assets/movie_posters/we_bare_bears_the_movie.jpg'),
(21, 'Secret Society of Second Born Royals', 'Action, Adventure, Comedy, Fantasy', 'Sam is a teenage royal rebel, second in line to the throne of the kingdom of Illyria. Just as her disinterest in the royal way of life is at an all-time high, she discovers she has super-human abilities and is invited to join a secret society of similar extraordinary second-born royals charged with keeping the world safe.', '/assets/movie_posters/secret_society_of_second_born_royals.jpg'),
(22, 'KonoSuba: God''s Blessing on this Wonderful World! Legend of Crimson', 'Adventure, Comedy, Animation, Fantasy', 'It is not strange that the Demon Lord''s forces fear the Crimson Demons, the clan from which Megumin and Yunyun originate. Even if the Demon Lord''s generals attack their village, the Crimson Demons can just easily brush them off with their supreme mastery of advanced and overpowered magic. When Yunyun receives a seemingly serious letter regarding a potential disaster coming to her hometown, she immediately informs Kazuma Satou and the rest of his party. After a series of wacky misunderstandings, it turns out to be a mere prank by her fellow demon who wants to be an author. Even so, Megumin becomes worried about her family and sets out toward the Crimson Demons'' village with the gang. There, Kazuma and the others decide to sightsee the wonders of Megumin''s birthplace. However, they soon come to realize that the nonsense threat they received might have been more than just a joke.', '/assets/movie_posters/konosuba_god''s_blessing_on_this_wonderful_world!_legend_of_crimson.jpg'),
(23, 'Cats & Dogs 3: Paws Unite', 'Comedy, Action', 'It''s been ten years since the creation of the Great Truce, an elaborate joint-species surveillance system designed and monitored by cats and dogs to keep the peace when conflicts arise. But when a tech-savvy villain hacks into wireless networks to use frequencies only heard by cats and dogs, he manipulates them into conflict and the worldwide battle between cats and dogs is BACK ON. Now, a team of inexperienced and untested agents will have to use their old-school animal instincts to restore order and peace between cats and dogs everywhere.', '/assets/movie_posters/cats_&_dogs_3_paws_unite.jpg'),
(24, 'Joker', 'Crime, Thriller, Drama', 'During the 1980s, a failed stand-up comedian is driven insane and turns to a life of crime and chaos in Gotham City while becoming an infamous psychopathic crime figure.', '/assets/movie_posters/joker.jpg'),
(25, 'Birds of Prey (and the Fantabulous Emancipation of One Harley Quinn)', 'Action, Crime, Comedy', 'Harley Quinn joins forces with a singer, an assassin and a police detective to help a young girl who had a hit placed on her after she stole a rare diamond from a crime lord.', '/assets/movie_posters/birds_of_prey_(and_the_fantabulous_emancipation_of_one_harley_quinn).jpg');

-- --------------------------------------------------------

--
-- Table structure for table `movsessions`
--

CREATE TABLE IF NOT EXISTS `movsessions` (
  `id` int(8) NOT NULL AUTO_INCREMENT,
  `movie_id` int(8) NOT NULL,
  `cinema_id` int(8) NOT NULL,
  `hall` int(2) NOT NULL,
  `weekend` tinyint(1) NOT NULL,
  `timing` datetime NOT NULL,
  `price` float(4,2) NOT NULL,
  `taken_seats` varchar(1000) NOT NULL,
  PRIMARY KEY (`id`),
  KEY `movie_id` (`movie_id`),
  KEY `cinema_id` (`cinema_id`)
) ENGINE=InnoDB  DEFAULT CHARSET=utf8 AUTO_INCREMENT=2029 ;

--
-- Dumping data for table `movsessions`
--

INSERT INTO `movsessions` (`id`, `movie_id`, `cinema_id`, `hall`, `weekend`, `timing`, `price`, `taken_seats`) VALUES
(61, 20, 1, 1, 0, '2020-10-26 11:00:00', 7.00, ''),
(62, 7, 1, 2, 0, '2020-10-26 11:00:00', 7.00, ''),
(63, 13, 1, 3, 0, '2020-10-26 11:00:00', 7.00, ''),
(64, 17, 2, 1, 0, '2020-10-26 11:00:00', 7.00, ''),
(65, 2, 2, 2, 0, '2020-10-26 11:00:00', 7.00, ''),
(66, 10, 2, 3, 0, '2020-10-26 11:00:00', 7.00, ''),
(67, 13, 2, 4, 0, '2020-10-26 11:00:00', 7.00, ''),
(68, 11, 3, 1, 0, '2020-10-26 11:00:00', 7.00, ''),
(69, 5, 3, 2, 0, '2020-10-26 11:00:00', 7.00, ''),
(70, 5, 3, 3, 0, '2020-10-26 11:00:00', 7.00, ''),
(71, 18, 3, 4, 0, '2020-10-26 11:00:00', 7.00, ''),
(72, 19, 3, 5, 0, '2020-10-26 11:00:00', 7.00, ''),
(73, 1, 1, 1, 0, '2020-10-26 15:00:00', 7.00, ''),
(74, 3, 1, 2, 0, '2020-10-26 15:00:00', 7.00, ''),
(75, 19, 1, 3, 0, '2020-10-26 15:00:00', 7.00, ''),
(76, 21, 2, 1, 0, '2020-10-26 15:00:00', 7.00, ''),
(77, 1, 2, 2, 0, '2020-10-26 15:00:00', 7.00, ''),
(78, 23, 2, 3, 0, '2020-10-26 15:00:00', 7.00, ''),
(79, 1, 2, 4, 0, '2020-10-26 15:00:00', 7.00, ''),
(80, 17, 3, 1, 0, '2020-10-26 15:00:00', 7.00, ''),
(81, 13, 3, 2, 0, '2020-10-26 15:00:00', 7.00, ''),
(82, 9, 3, 3, 0, '2020-10-26 15:00:00', 7.00, ''),
(83, 25, 3, 4, 0, '2020-10-26 15:00:00', 7.00, ''),
(84, 6, 3, 5, 0, '2020-10-26 15:00:00', 7.00, ''),
(85, 17, 1, 1, 0, '2020-10-26 18:30:00', 7.00, ''),
(86, 13, 1, 2, 0, '2020-10-26 18:30:00', 7.00, ''),
(87, 21, 1, 3, 0, '2020-10-26 18:30:00', 7.00, ''),
(88, 14, 2, 1, 0, '2020-10-26 18:30:00', 7.00, ''),
(89, 19, 2, 2, 0, '2020-10-26 18:30:00', 7.00, ''),
(90, 3, 2, 3, 0, '2020-10-26 18:30:00', 7.00, ''),
(91, 18, 2, 4, 0, '2020-10-26 18:30:00', 7.00, ''),
(92, 13, 3, 1, 0, '2020-10-26 18:30:00', 7.00, ''),
(93, 9, 3, 2, 0, '2020-10-26 18:30:00', 7.00, ''),
(94, 6, 3, 3, 0, '2020-10-26 18:30:00', 7.00, ''),
(95, 5, 3, 4, 0, '2020-10-26 18:30:00', 7.00, ''),
(96, 11, 3, 5, 0, '2020-10-26 18:30:00', 7.00, ''),
(97, 16, 1, 1, 0, '2020-10-26 21:30:00', 7.00, ''),
(98, 17, 1, 2, 0, '2020-10-26 21:30:00', 7.00, ''),
(99, 22, 1, 3, 0, '2020-10-26 21:30:00', 7.00, ''),
(100, 20, 2, 1, 0, '2020-10-26 21:30:00', 7.00, ''),
(101, 21, 2, 2, 0, '2020-10-26 21:30:00', 7.00, ''),
(102, 14, 2, 3, 0, '2020-10-26 21:30:00', 7.00, ''),
(103, 13, 2, 4, 0, '2020-10-26 21:30:00', 7.00, ''),
(104, 22, 3, 1, 0, '2020-10-26 21:30:00', 7.00, ''),
(105, 16, 3, 2, 0, '2020-10-26 21:30:00', 7.00, ''),
(106, 7, 3, 3, 0, '2020-10-26 21:30:00', 7.00, ''),
(107, 17, 3, 4, 0, '2020-10-26 21:30:00', 7.00, ''),
(108, 16, 3, 5, 0, '2020-10-26 21:30:00', 7.00, ''),
(109, 8, 1, 1, 0, '2020-10-27 11:00:00', 7.00, ''),
(110, 17, 1, 2, 0, '2020-10-27 11:00:00', 7.00, ''),
(111, 5, 1, 3, 0, '2020-10-27 11:00:00', 7.00, ''),
(112, 2, 2, 1, 0, '2020-10-27 11:00:00', 7.00, ''),
(113, 25, 2, 2, 0, '2020-10-27 11:00:00', 7.00, ''),
(114, 24, 2, 3, 0, '2020-10-27 11:00:00', 7.00, ''),
(115, 2, 2, 4, 0, '2020-10-27 11:00:00', 7.00, ''),
(116, 24, 3, 1, 0, '2020-10-27 11:00:00', 7.00, ''),
(117, 13, 3, 2, 0, '2020-10-27 11:00:00', 7.00, ''),
(118, 25, 3, 3, 0, '2020-10-27 11:00:00', 7.00, ''),
(119, 12, 3, 4, 0, '2020-10-27 11:00:00', 7.00, ''),
(120, 21, 3, 5, 0, '2020-10-27 11:00:00', 7.00, ''),
(121, 8, 1, 1, 0, '2020-10-27 15:00:00', 7.00, ''),
(122, 12, 1, 2, 0, '2020-10-27 15:00:00', 7.00, ''),
(123, 21, 1, 3, 0, '2020-10-27 15:00:00', 7.00, ''),
(124, 19, 2, 1, 0, '2020-10-27 15:00:00', 7.00, ''),
(125, 1, 2, 2, 0, '2020-10-27 15:00:00', 7.00, ''),
(126, 21, 2, 3, 0, '2020-10-27 15:00:00', 7.00, ''),
(127, 25, 2, 4, 0, '2020-10-27 15:00:00', 7.00, ''),
(128, 1, 3, 1, 0, '2020-10-27 15:00:00', 7.00, ''),
(129, 25, 3, 2, 0, '2020-10-27 15:00:00', 7.00, ''),
(130, 3, 3, 3, 0, '2020-10-27 15:00:00', 7.00, ''),
(131, 6, 3, 4, 0, '2020-10-27 15:00:00', 7.00, ''),
(132, 9, 3, 5, 0, '2020-10-27 15:00:00', 7.00, ''),
(133, 1, 1, 1, 0, '2020-10-27 18:30:00', 7.00, ''),
(134, 21, 1, 2, 0, '2020-10-27 18:30:00', 7.00, ''),
(135, 5, 1, 3, 0, '2020-10-27 18:30:00', 7.00, ''),
(136, 9, 2, 1, 0, '2020-10-27 18:30:00', 7.00, ''),
(137, 16, 2, 2, 0, '2020-10-27 18:30:00', 7.00, ''),
(138, 14, 2, 3, 0, '2020-10-27 18:30:00', 7.00, ''),
(139, 19, 2, 4, 0, '2020-10-27 18:30:00', 7.00, ''),
(140, 24, 3, 1, 0, '2020-10-27 18:30:00', 7.00, ''),
(141, 5, 3, 2, 0, '2020-10-27 18:30:00', 7.00, ''),
(142, 24, 3, 3, 0, '2020-10-27 18:30:00', 7.00, ''),
(143, 25, 3, 4, 0, '2020-10-27 18:30:00', 7.00, ''),
(144, 4, 3, 5, 0, '2020-10-27 18:30:00', 7.00, ''),
(145, 22, 1, 1, 0, '2020-10-27 21:30:00', 7.00, ''),
(146, 2, 1, 2, 0, '2020-10-27 21:30:00', 7.00, ''),
(147, 2, 1, 3, 0, '2020-10-27 21:30:00', 7.00, ''),
(148, 9, 2, 1, 0, '2020-10-27 21:30:00', 7.00, ''),
(149, 1, 2, 2, 0, '2020-10-27 21:30:00', 7.00, ''),
(150, 14, 2, 3, 0, '2020-10-27 21:30:00', 7.00, ''),
(151, 5, 2, 4, 0, '2020-10-27 21:30:00', 7.00, ''),
(152, 9, 3, 1, 0, '2020-10-27 21:30:00', 7.00, ''),
(153, 25, 3, 2, 0, '2020-10-27 21:30:00', 7.00, ''),
(154, 25, 3, 3, 0, '2020-10-27 21:30:00', 7.00, ''),
(155, 3, 3, 4, 0, '2020-10-27 21:30:00', 7.00, ''),
(156, 25, 3, 5, 0, '2020-10-27 21:30:00', 7.00, ''),
(157, 5, 1, 1, 0, '2020-10-28 11:00:00', 7.00, ''),
(158, 2, 1, 2, 0, '2020-10-28 11:00:00', 7.00, ''),
(159, 19, 1, 3, 0, '2020-10-28 11:00:00', 7.00, ''),
(160, 1, 2, 1, 0, '2020-10-28 11:00:00', 7.00, ''),
(161, 5, 2, 2, 0, '2020-10-28 11:00:00', 7.00, ''),
(162, 6, 2, 3, 0, '2020-10-28 11:00:00', 7.00, ''),
(163, 10, 2, 4, 0, '2020-10-28 11:00:00', 7.00, ''),
(164, 21, 3, 1, 0, '2020-10-28 11:00:00', 7.00, ''),
(165, 6, 3, 2, 0, '2020-10-28 11:00:00', 7.00, ''),
(166, 5, 3, 3, 0, '2020-10-28 11:00:00', 7.00, ''),
(167, 6, 3, 4, 0, '2020-10-28 11:00:00', 7.00, ''),
(168, 2, 3, 5, 0, '2020-10-28 11:00:00', 7.00, ''),
(169, 18, 1, 1, 0, '2020-10-28 15:00:00', 7.00, ''),
(170, 2, 1, 2, 0, '2020-10-28 15:00:00', 7.00, ''),
(171, 23, 1, 3, 0, '2020-10-28 15:00:00', 7.00, ''),
(172, 21, 2, 1, 0, '2020-10-28 15:00:00', 7.00, ''),
(173, 13, 2, 2, 0, '2020-10-28 15:00:00', 7.00, ''),
(174, 13, 2, 3, 0, '2020-10-28 15:00:00', 7.00, ''),
(175, 17, 2, 4, 0, '2020-10-28 15:00:00', 7.00, ''),
(176, 7, 3, 1, 0, '2020-10-28 15:00:00', 7.00, ''),
(177, 7, 3, 2, 0, '2020-10-28 15:00:00', 7.00, ''),
(178, 15, 3, 3, 0, '2020-10-28 15:00:00', 7.00, ''),
(179, 21, 3, 4, 0, '2020-10-28 15:00:00', 7.00, ''),
(180, 5, 3, 5, 0, '2020-10-28 15:00:00', 7.00, ''),
(181, 13, 1, 1, 0, '2020-10-28 18:30:00', 7.00, ''),
(182, 9, 1, 2, 0, '2020-10-28 18:30:00', 7.00, ''),
(183, 17, 1, 3, 0, '2020-10-28 18:30:00', 7.00, ''),
(184, 6, 2, 1, 0, '2020-10-28 18:30:00', 7.00, ''),
(185, 17, 2, 2, 0, '2020-10-28 18:30:00', 7.00, ''),
(186, 14, 2, 3, 0, '2020-10-28 18:30:00', 7.00, ''),
(187, 10, 2, 4, 0, '2020-10-28 18:30:00', 7.00, ''),
(188, 21, 3, 1, 0, '2020-10-28 18:30:00', 7.00, ''),
(189, 16, 3, 2, 0, '2020-10-28 18:30:00', 7.00, ''),
(190, 3, 3, 3, 0, '2020-10-28 18:30:00', 7.00, ''),
(191, 22, 3, 4, 0, '2020-10-28 18:30:00', 7.00, ''),
(192, 20, 3, 5, 0, '2020-10-28 18:30:00', 7.00, ''),
(193, 9, 1, 1, 0, '2020-10-28 21:30:00', 7.00, ''),
(194, 7, 1, 2, 0, '2020-10-28 21:30:00', 7.00, ''),
(195, 15, 1, 3, 0, '2020-10-28 21:30:00', 7.00, ''),
(196, 15, 2, 1, 0, '2020-10-28 21:30:00', 7.00, ''),
(197, 11, 2, 2, 0, '2020-10-28 21:30:00', 7.00, ''),
(198, 21, 2, 3, 0, '2020-10-28 21:30:00', 7.00, ''),
(199, 16, 2, 4, 0, '2020-10-28 21:30:00', 7.00, ''),
(200, 3, 3, 1, 0, '2020-10-28 21:30:00', 7.00, ''),
(201, 22, 3, 2, 0, '2020-10-28 21:30:00', 7.00, ''),
(202, 14, 3, 3, 0, '2020-10-28 21:30:00', 7.00, ''),
(203, 23, 3, 4, 0, '2020-10-28 21:30:00', 7.00, ''),
(204, 10, 3, 5, 0, '2020-10-28 21:30:00', 7.00, ''),
(205, 14, 1, 1, 0, '2020-10-29 11:00:00', 7.00, ''),
(206, 7, 1, 2, 0, '2020-10-29 11:00:00', 7.00, ''),
(207, 12, 1, 3, 0, '2020-10-29 11:00:00', 7.00, ''),
(208, 7, 2, 1, 0, '2020-10-29 11:00:00', 7.00, ''),
(209, 2, 2, 2, 0, '2020-10-29 11:00:00', 7.00, ''),
(210, 10, 2, 3, 0, '2020-10-29 11:00:00', 7.00, ''),
(211, 6, 2, 4, 0, '2020-10-29 11:00:00', 7.00, ''),
(212, 12, 3, 1, 0, '2020-10-29 11:00:00', 7.00, ''),
(213, 24, 3, 2, 0, '2020-10-29 11:00:00', 7.00, ''),
(214, 9, 3, 3, 0, '2020-10-29 11:00:00', 7.00, ''),
(215, 20, 3, 4, 0, '2020-10-29 11:00:00', 7.00, ''),
(216, 18, 3, 5, 0, '2020-10-29 11:00:00', 7.00, ''),
(217, 2, 1, 1, 0, '2020-10-29 15:00:00', 7.00, ''),
(218, 5, 1, 2, 0, '2020-10-29 15:00:00', 7.00, ''),
(219, 3, 1, 3, 0, '2020-10-29 15:00:00', 7.00, ''),
(220, 14, 2, 1, 0, '2020-10-29 15:00:00', 7.00, ''),
(221, 14, 2, 2, 0, '2020-10-29 15:00:00', 7.00, ''),
(222, 4, 2, 3, 0, '2020-10-29 15:00:00', 7.00, ''),
(223, 22, 2, 4, 0, '2020-10-29 15:00:00', 7.00, ''),
(224, 6, 3, 1, 0, '2020-10-29 15:00:00', 7.00, ''),
(225, 6, 3, 2, 0, '2020-10-29 15:00:00', 7.00, ''),
(226, 3, 3, 3, 0, '2020-10-29 15:00:00', 7.00, ''),
(227, 9, 3, 4, 0, '2020-10-29 15:00:00', 7.00, ''),
(228, 7, 3, 5, 0, '2020-10-29 15:00:00', 7.00, ''),
(229, 14, 1, 1, 0, '2020-10-29 18:30:00', 7.00, ''),
(230, 10, 1, 2, 0, '2020-10-29 18:30:00', 7.00, ''),
(231, 19, 1, 3, 0, '2020-10-29 18:30:00', 7.00, ''),
(232, 23, 2, 1, 0, '2020-10-29 18:30:00', 7.00, ''),
(233, 19, 2, 2, 0, '2020-10-29 18:30:00', 7.00, ''),
(234, 12, 2, 3, 0, '2020-10-29 18:30:00', 7.00, ''),
(235, 8, 2, 4, 0, '2020-10-29 18:30:00', 7.00, ''),
(236, 7, 3, 1, 0, '2020-10-29 18:30:00', 7.00, ''),
(237, 18, 3, 2, 0, '2020-10-29 18:30:00', 7.00, ''),
(238, 19, 3, 3, 0, '2020-10-29 18:30:00', 7.00, ''),
(239, 14, 3, 4, 0, '2020-10-29 18:30:00', 7.00, ''),
(240, 19, 3, 5, 0, '2020-10-29 18:30:00', 7.00, ''),
(241, 3, 1, 1, 0, '2020-10-29 21:30:00', 7.00, ''),
(242, 19, 1, 2, 0, '2020-10-29 21:30:00', 7.00, ''),
(243, 6, 1, 3, 0, '2020-10-29 21:30:00', 7.00, ''),
(244, 2, 2, 1, 0, '2020-10-29 21:30:00', 7.00, ''),
(245, 3, 2, 2, 0, '2020-10-29 21:30:00', 7.00, ''),
(246, 25, 2, 3, 0, '2020-10-29 21:30:00', 7.00, ''),
(247, 20, 2, 4, 0, '2020-10-29 21:30:00', 7.00, ''),
(248, 4, 3, 1, 0, '2020-10-29 21:30:00', 7.00, ''),
(249, 5, 3, 2, 0, '2020-10-29 21:30:00', 7.00, ''),
(250, 22, 3, 3, 0, '2020-10-29 21:30:00', 7.00, ''),
(251, 18, 3, 4, 0, '2020-10-29 21:30:00', 7.00, ''),
(252, 18, 3, 5, 0, '2020-10-29 21:30:00', 7.00, ''),
(253, 20, 1, 1, 0, '2020-10-30 11:00:00', 7.00, ''),
(254, 9, 1, 2, 0, '2020-10-30 11:00:00', 7.00, ''),
(255, 21, 1, 3, 0, '2020-10-30 11:00:00', 7.00, ''),
(256, 21, 2, 1, 0, '2020-10-30 11:00:00', 7.00, ''),
(257, 9, 2, 2, 0, '2020-10-30 11:00:00', 7.00, ''),
(258, 1, 2, 3, 0, '2020-10-30 11:00:00', 7.00, ''),
(259, 18, 2, 4, 0, '2020-10-30 11:00:00', 7.00, ''),
(260, 12, 3, 1, 0, '2020-10-30 11:00:00', 7.00, ''),
(261, 3, 3, 2, 0, '2020-10-30 11:00:00', 7.00, ''),
(262, 6, 3, 3, 0, '2020-10-30 11:00:00', 7.00, ''),
(263, 2, 3, 4, 0, '2020-10-30 11:00:00', 7.00, ''),
(264, 11, 3, 5, 0, '2020-10-30 11:00:00', 7.00, ''),
(265, 5, 1, 1, 0, '2020-10-30 15:00:00', 7.00, ''),
(266, 5, 1, 2, 0, '2020-10-30 15:00:00', 7.00, ''),
(267, 24, 1, 3, 0, '2020-10-30 15:00:00', 7.00, ''),
(268, 5, 2, 1, 0, '2020-10-30 15:00:00', 7.00, ''),
(269, 11, 2, 2, 0, '2020-10-30 15:00:00', 7.00, ''),
(270, 12, 2, 3, 0, '2020-10-30 15:00:00', 7.00, ''),
(271, 19, 2, 4, 0, '2020-10-30 15:00:00', 7.00, ''),
(272, 25, 3, 1, 0, '2020-10-30 15:00:00', 7.00, ''),
(273, 3, 3, 2, 0, '2020-10-30 15:00:00', 7.00, ''),
(274, 22, 3, 3, 0, '2020-10-30 15:00:00', 7.00, ''),
(275, 17, 3, 4, 0, '2020-10-30 15:00:00', 7.00, ''),
(276, 19, 3, 5, 0, '2020-10-30 15:00:00', 7.00, ''),
(277, 5, 1, 1, 0, '2020-10-30 18:30:00', 7.00, ''),
(278, 22, 1, 2, 0, '2020-10-30 18:30:00', 7.00, ''),
(279, 15, 1, 3, 0, '2020-10-30 18:30:00', 7.00, ''),
(280, 3, 2, 1, 0, '2020-10-30 18:30:00', 7.00, ''),
(281, 4, 2, 2, 0, '2020-10-30 18:30:00', 7.00, ''),
(282, 25, 2, 3, 0, '2020-10-30 18:30:00', 7.00, ''),
(283, 11, 2, 4, 0, '2020-10-30 18:30:00', 7.00, ''),
(284, 24, 3, 1, 0, '2020-10-30 18:30:00', 7.00, ''),
(285, 9, 3, 2, 0, '2020-10-30 18:30:00', 7.00, ''),
(286, 6, 3, 3, 0, '2020-10-30 18:30:00', 7.00, ''),
(287, 20, 3, 4, 0, '2020-10-30 18:30:00', 7.00, ''),
(288, 18, 3, 5, 0, '2020-10-30 18:30:00', 7.00, ''),
(289, 7, 1, 1, 0, '2020-10-30 21:30:00', 7.00, ''),
(290, 12, 1, 2, 0, '2020-10-30 21:30:00', 7.00, ''),
(291, 4, 1, 3, 0, '2020-10-30 21:30:00', 7.00, ''),
(292, 9, 2, 1, 0, '2020-10-30 21:30:00', 7.00, ''),
(293, 17, 2, 2, 0, '2020-10-30 21:30:00', 7.00, ''),
(294, 6, 2, 3, 0, '2020-10-30 21:30:00', 7.00, ''),
(295, 20, 2, 4, 0, '2020-10-30 21:30:00', 7.00, ''),
(296, 22, 3, 1, 0, '2020-10-30 21:30:00', 7.00, ''),
(297, 11, 3, 2, 0, '2020-10-30 21:30:00', 7.00, ''),
(298, 18, 3, 3, 0, '2020-10-30 21:30:00', 7.00, ''),
(299, 2, 3, 4, 0, '2020-10-30 21:30:00', 7.00, ''),
(300, 21, 3, 5, 0, '2020-10-30 21:30:00', 7.00, ''),
(301, 11, 1, 1, 0, '2020-11-02 11:00:00', 7.00, ''),
(302, 2, 1, 2, 0, '2020-11-02 11:00:00', 7.00, ''),
(303, 19, 1, 3, 0, '2020-11-02 11:00:00', 7.00, ''),
(304, 2, 2, 1, 0, '2020-11-02 11:00:00', 7.00, ''),
(305, 6, 2, 2, 0, '2020-11-02 11:00:00', 7.00, ''),
(306, 12, 2, 3, 0, '2020-11-02 11:00:00', 7.00, ''),
(307, 16, 2, 4, 0, '2020-11-02 11:00:00', 7.00, ''),
(308, 17, 3, 1, 0, '2020-11-02 11:00:00', 7.00, ''),
(309, 14, 3, 2, 0, '2020-11-02 11:00:00', 7.00, ''),
(310, 6, 3, 3, 0, '2020-11-02 11:00:00', 7.00, ''),
(311, 6, 3, 4, 0, '2020-11-02 11:00:00', 7.00, ''),
(312, 17, 3, 5, 0, '2020-11-02 11:00:00', 7.00, ''),
(313, 2, 1, 1, 0, '2020-11-02 15:00:00', 7.00, ''),
(314, 21, 1, 2, 0, '2020-11-02 15:00:00', 7.00, ''),
(315, 25, 1, 3, 0, '2020-11-02 15:00:00', 7.00, ''),
(316, 2, 2, 1, 0, '2020-11-02 15:00:00', 7.00, ''),
(317, 17, 2, 2, 0, '2020-11-02 15:00:00', 7.00, ''),
(318, 17, 2, 3, 0, '2020-11-02 15:00:00', 7.00, ''),
(319, 22, 2, 4, 0, '2020-11-02 15:00:00', 7.00, ''),
(320, 10, 3, 1, 0, '2020-11-02 15:00:00', 7.00, ''),
(321, 8, 3, 2, 0, '2020-11-02 15:00:00', 7.00, ''),
(322, 22, 3, 3, 0, '2020-11-02 15:00:00', 7.00, ''),
(323, 7, 3, 4, 0, '2020-11-02 15:00:00', 7.00, ''),
(324, 21, 3, 5, 0, '2020-11-02 15:00:00', 7.00, ''),
(325, 10, 1, 1, 0, '2020-11-02 18:30:00', 7.00, ''),
(326, 25, 1, 2, 0, '2020-11-02 18:30:00', 7.00, ''),
(327, 6, 1, 3, 0, '2020-11-02 18:30:00', 7.00, ''),
(328, 24, 2, 1, 0, '2020-11-02 18:30:00', 7.00, ''),
(329, 4, 2, 2, 0, '2020-11-02 18:30:00', 7.00, ''),
(330, 14, 2, 3, 0, '2020-11-02 18:30:00', 7.00, ''),
(331, 1, 2, 4, 0, '2020-11-02 18:30:00', 7.00, ''),
(332, 14, 3, 1, 0, '2020-11-02 18:30:00', 7.00, ''),
(333, 16, 3, 2, 0, '2020-11-02 18:30:00', 7.00, ''),
(334, 20, 3, 3, 0, '2020-11-02 18:30:00', 7.00, ''),
(335, 15, 3, 4, 0, '2020-11-02 18:30:00', 7.00, ''),
(336, 21, 3, 5, 0, '2020-11-02 18:30:00', 7.00, ''),
(337, 6, 1, 1, 0, '2020-11-02 21:30:00', 7.00, ''),
(338, 5, 1, 2, 0, '2020-11-02 21:30:00', 7.00, ''),
(339, 12, 1, 3, 0, '2020-11-02 21:30:00', 7.00, ''),
(340, 19, 2, 1, 0, '2020-11-02 21:30:00', 7.00, ''),
(341, 10, 2, 2, 0, '2020-11-02 21:30:00', 7.00, ''),
(342, 18, 2, 3, 0, '2020-11-02 21:30:00', 7.00, ''),
(343, 11, 2, 4, 0, '2020-11-02 21:30:00', 7.00, ''),
(344, 12, 3, 1, 0, '2020-11-02 21:30:00', 7.00, ''),
(345, 13, 3, 2, 0, '2020-11-02 21:30:00', 7.00, ''),
(346, 10, 3, 3, 0, '2020-11-02 21:30:00', 7.00, ''),
(347, 14, 3, 4, 0, '2020-11-02 21:30:00', 7.00, ''),
(348, 5, 3, 5, 0, '2020-11-02 21:30:00', 7.00, ''),
(349, 24, 1, 1, 0, '2020-11-03 11:00:00', 7.00, ''),
(350, 17, 1, 2, 0, '2020-11-03 11:00:00', 7.00, ''),
(351, 4, 1, 3, 0, '2020-11-03 11:00:00', 7.00, ''),
(352, 7, 2, 1, 0, '2020-11-03 11:00:00', 7.00, ''),
(353, 4, 2, 2, 0, '2020-11-03 11:00:00', 7.00, ''),
(354, 19, 2, 3, 0, '2020-11-03 11:00:00', 7.00, ''),
(355, 2, 2, 4, 0, '2020-11-03 11:00:00', 7.00, ''),
(356, 2, 3, 1, 0, '2020-11-03 11:00:00', 7.00, ''),
(357, 12, 3, 2, 0, '2020-11-03 11:00:00', 7.00, ''),
(358, 13, 3, 3, 0, '2020-11-03 11:00:00', 7.00, ''),
(359, 14, 3, 4, 0, '2020-11-03 11:00:00', 7.00, ''),
(360, 12, 3, 5, 0, '2020-11-03 11:00:00', 7.00, ''),
(361, 5, 1, 1, 0, '2020-11-03 15:00:00', 7.00, ''),
(362, 15, 1, 2, 0, '2020-11-03 15:00:00', 7.00, ''),
(363, 7, 1, 3, 0, '2020-11-03 15:00:00', 7.00, ''),
(364, 6, 2, 1, 0, '2020-11-03 15:00:00', 7.00, ''),
(365, 20, 2, 2, 0, '2020-11-03 15:00:00', 7.00, ''),
(366, 17, 2, 3, 0, '2020-11-03 15:00:00', 7.00, ''),
(367, 10, 2, 4, 0, '2020-11-03 15:00:00', 7.00, ''),
(368, 9, 3, 1, 0, '2020-11-03 15:00:00', 7.00, ''),
(369, 12, 3, 2, 0, '2020-11-03 15:00:00', 7.00, ''),
(370, 21, 3, 3, 0, '2020-11-03 15:00:00', 7.00, ''),
(371, 5, 3, 4, 0, '2020-11-03 15:00:00', 7.00, ''),
(372, 5, 3, 5, 0, '2020-11-03 15:00:00', 7.00, ''),
(373, 8, 1, 1, 0, '2020-11-03 18:30:00', 7.00, ''),
(374, 23, 1, 2, 0, '2020-11-03 18:30:00', 7.00, ''),
(375, 13, 1, 3, 0, '2020-11-03 18:30:00', 7.00, ''),
(376, 8, 2, 1, 0, '2020-11-03 18:30:00', 7.00, ''),
(377, 20, 2, 2, 0, '2020-11-03 18:30:00', 7.00, ''),
(378, 10, 2, 3, 0, '2020-11-03 18:30:00', 7.00, ''),
(379, 15, 2, 4, 0, '2020-11-03 18:30:00', 7.00, ''),
(380, 19, 3, 1, 0, '2020-11-03 18:30:00', 7.00, ''),
(381, 1, 3, 2, 0, '2020-11-03 18:30:00', 7.00, ''),
(382, 19, 3, 3, 0, '2020-11-03 18:30:00', 7.00, ''),
(383, 1, 3, 4, 0, '2020-11-03 18:30:00', 7.00, ''),
(384, 4, 3, 5, 0, '2020-11-03 18:30:00', 7.00, ''),
(385, 12, 1, 1, 0, '2020-11-03 21:30:00', 7.00, ''),
(386, 2, 1, 2, 0, '2020-11-03 21:30:00', 7.00, ''),
(387, 6, 1, 3, 0, '2020-11-03 21:30:00', 7.00, ''),
(388, 24, 2, 1, 0, '2020-11-03 21:30:00', 7.00, ''),
(389, 14, 2, 2, 0, '2020-11-03 21:30:00', 7.00, ''),
(390, 20, 2, 3, 0, '2020-11-03 21:30:00', 7.00, ''),
(391, 10, 2, 4, 0, '2020-11-03 21:30:00', 7.00, ''),
(392, 18, 3, 1, 0, '2020-11-03 21:30:00', 7.00, ''),
(393, 9, 3, 2, 0, '2020-11-03 21:30:00', 7.00, ''),
(394, 17, 3, 3, 0, '2020-11-03 21:30:00', 7.00, ''),
(395, 24, 3, 4, 0, '2020-11-03 21:30:00', 7.00, ''),
(396, 4, 3, 5, 0, '2020-11-03 21:30:00', 7.00, ''),
(397, 24, 1, 1, 0, '2020-11-04 11:00:00', 7.00, ''),
(398, 15, 1, 2, 0, '2020-11-04 11:00:00', 7.00, ''),
(399, 2, 1, 3, 0, '2020-11-04 11:00:00', 7.00, ''),
(400, 21, 2, 1, 0, '2020-11-04 11:00:00', 7.00, ''),
(401, 2, 2, 2, 0, '2020-11-04 11:00:00', 7.00, ''),
(402, 23, 2, 3, 0, '2020-11-04 11:00:00', 7.00, ''),
(403, 22, 2, 4, 0, '2020-11-04 11:00:00', 7.00, ''),
(404, 4, 3, 1, 0, '2020-11-04 11:00:00', 7.00, ''),
(405, 25, 3, 2, 0, '2020-11-04 11:00:00', 7.00, ''),
(406, 17, 3, 3, 0, '2020-11-04 11:00:00', 7.00, ''),
(407, 16, 3, 4, 0, '2020-11-04 11:00:00', 7.00, ''),
(408, 14, 3, 5, 0, '2020-11-04 11:00:00', 7.00, ''),
(409, 25, 1, 1, 0, '2020-11-04 15:00:00', 7.00, ''),
(410, 23, 1, 2, 0, '2020-11-04 15:00:00', 7.00, ''),
(411, 11, 1, 3, 0, '2020-11-04 15:00:00', 7.00, ''),
(412, 18, 2, 1, 0, '2020-11-04 15:00:00', 7.00, ''),
(413, 8, 2, 2, 0, '2020-11-04 15:00:00', 7.00, ''),
(414, 19, 2, 3, 0, '2020-11-04 15:00:00', 7.00, ''),
(415, 13, 2, 4, 0, '2020-11-04 15:00:00', 7.00, ''),
(416, 7, 3, 1, 0, '2020-11-04 15:00:00', 7.00, ''),
(417, 24, 3, 2, 0, '2020-11-04 15:00:00', 7.00, ''),
(418, 10, 3, 3, 0, '2020-11-04 15:00:00', 7.00, ''),
(419, 16, 3, 4, 0, '2020-11-04 15:00:00', 7.00, ''),
(420, 13, 3, 5, 0, '2020-11-04 15:00:00', 7.00, ''),
(421, 5, 1, 1, 0, '2020-11-04 18:30:00', 7.00, ''),
(422, 11, 1, 2, 0, '2020-11-04 18:30:00', 7.00, ''),
(423, 10, 1, 3, 0, '2020-11-04 18:30:00', 7.00, ''),
(424, 18, 2, 1, 0, '2020-11-04 18:30:00', 7.00, ''),
(425, 21, 2, 2, 0, '2020-11-04 18:30:00', 7.00, ''),
(426, 1, 2, 3, 0, '2020-11-04 18:30:00', 7.00, ''),
(427, 6, 2, 4, 0, '2020-11-04 18:30:00', 7.00, ''),
(428, 19, 3, 1, 0, '2020-11-04 18:30:00', 7.00, ''),
(429, 15, 3, 2, 0, '2020-11-04 18:30:00', 7.00, ''),
(430, 8, 3, 3, 0, '2020-11-04 18:30:00', 7.00, ''),
(431, 15, 3, 4, 0, '2020-11-04 18:30:00', 7.00, ''),
(432, 17, 3, 5, 0, '2020-11-04 18:30:00', 7.00, ''),
(433, 6, 1, 1, 0, '2020-11-04 21:30:00', 7.00, ''),
(434, 12, 1, 2, 0, '2020-11-04 21:30:00', 7.00, ''),
(435, 20, 1, 3, 0, '2020-11-04 21:30:00', 7.00, ''),
(436, 5, 2, 1, 0, '2020-11-04 21:30:00', 7.00, ''),
(437, 3, 2, 2, 0, '2020-11-04 21:30:00', 7.00, ''),
(438, 11, 2, 3, 0, '2020-11-04 21:30:00', 7.00, ''),
(439, 19, 2, 4, 0, '2020-11-04 21:30:00', 7.00, ''),
(440, 2, 3, 1, 0, '2020-11-04 21:30:00', 7.00, ''),
(441, 9, 3, 2, 0, '2020-11-04 21:30:00', 7.00, ''),
(442, 4, 3, 3, 0, '2020-11-04 21:30:00', 7.00, ''),
(443, 20, 3, 4, 0, '2020-11-04 21:30:00', 7.00, ''),
(444, 16, 3, 5, 0, '2020-11-04 21:30:00', 7.00, ''),
(445, 2, 1, 1, 0, '2020-11-05 11:00:00', 7.00, ''),
(446, 14, 1, 2, 0, '2020-11-05 11:00:00', 7.00, ''),
(447, 16, 1, 3, 0, '2020-11-05 11:00:00', 7.00, ''),
(448, 8, 2, 1, 0, '2020-11-05 11:00:00', 7.00, ''),
(449, 4, 2, 2, 0, '2020-11-05 11:00:00', 7.00, ''),
(450, 12, 2, 3, 0, '2020-11-05 11:00:00', 7.00, ''),
(451, 12, 2, 4, 0, '2020-11-05 11:00:00', 7.00, ''),
(452, 16, 3, 1, 0, '2020-11-05 11:00:00', 7.00, ''),
(453, 20, 3, 2, 0, '2020-11-05 11:00:00', 7.00, ''),
(454, 4, 3, 3, 0, '2020-11-05 11:00:00', 7.00, ''),
(455, 21, 3, 4, 0, '2020-11-05 11:00:00', 7.00, ''),
(456, 12, 3, 5, 0, '2020-11-05 11:00:00', 7.00, ''),
(457, 17, 1, 1, 0, '2020-11-05 15:00:00', 7.00, ''),
(458, 6, 1, 2, 0, '2020-11-05 15:00:00', 7.00, ''),
(459, 8, 1, 3, 0, '2020-11-05 15:00:00', 7.00, ''),
(460, 7, 2, 1, 0, '2020-11-05 15:00:00', 7.00, ''),
(461, 9, 2, 2, 0, '2020-11-05 15:00:00', 7.00, ''),
(462, 4, 2, 3, 0, '2020-11-05 15:00:00', 7.00, ''),
(463, 2, 2, 4, 0, '2020-11-05 15:00:00', 7.00, ''),
(464, 18, 3, 1, 0, '2020-11-05 15:00:00', 7.00, ''),
(465, 10, 3, 2, 0, '2020-11-05 15:00:00', 7.00, ''),
(466, 16, 3, 3, 0, '2020-11-05 15:00:00', 7.00, ''),
(467, 7, 3, 4, 0, '2020-11-05 15:00:00', 7.00, ''),
(468, 20, 3, 5, 0, '2020-11-05 15:00:00', 7.00, ''),
(469, 12, 1, 1, 0, '2020-11-05 18:30:00', 7.00, ''),
(470, 23, 1, 2, 0, '2020-11-05 18:30:00', 7.00, ''),
(471, 22, 1, 3, 0, '2020-11-05 18:30:00', 7.00, ''),
(472, 8, 2, 1, 0, '2020-11-05 18:30:00', 7.00, ''),
(473, 12, 2, 2, 0, '2020-11-05 18:30:00', 7.00, ''),
(474, 20, 2, 3, 0, '2020-11-05 18:30:00', 7.00, ''),
(475, 18, 2, 4, 0, '2020-11-05 18:30:00', 7.00, ''),
(476, 13, 3, 1, 0, '2020-11-05 18:30:00', 7.00, ''),
(477, 9, 3, 2, 0, '2020-11-05 18:30:00', 7.00, ''),
(478, 9, 3, 3, 0, '2020-11-05 18:30:00', 7.00, ''),
(479, 21, 3, 4, 0, '2020-11-05 18:30:00', 7.00, ''),
(480, 12, 3, 5, 0, '2020-11-05 18:30:00', 7.00, ''),
(481, 20, 1, 1, 0, '2020-11-05 21:30:00', 7.00, ''),
(482, 7, 1, 2, 0, '2020-11-05 21:30:00', 7.00, ''),
(483, 2, 1, 3, 0, '2020-11-05 21:30:00', 7.00, ''),
(484, 15, 2, 1, 0, '2020-11-05 21:30:00', 7.00, ''),
(485, 11, 2, 2, 0, '2020-11-05 21:30:00', 7.00, ''),
(486, 23, 2, 3, 0, '2020-11-05 21:30:00', 7.00, ''),
(487, 1, 2, 4, 0, '2020-11-05 21:30:00', 7.00, ''),
(488, 3, 3, 1, 0, '2020-11-05 21:30:00', 7.00, ''),
(489, 3, 3, 2, 0, '2020-11-05 21:30:00', 7.00, ''),
(490, 9, 3, 3, 0, '2020-11-05 21:30:00', 7.00, ''),
(491, 10, 3, 4, 0, '2020-11-05 21:30:00', 7.00, ''),
(492, 11, 3, 5, 0, '2020-11-05 21:30:00', 7.00, ''),
(493, 4, 1, 1, 0, '2020-11-06 11:00:00', 7.00, ''),
(494, 5, 1, 2, 0, '2020-11-06 11:00:00', 7.00, ''),
(495, 4, 1, 3, 0, '2020-11-06 11:00:00', 7.00, ''),
(496, 22, 2, 1, 0, '2020-11-06 11:00:00', 7.00, ''),
(497, 15, 2, 2, 0, '2020-11-06 11:00:00', 7.00, ''),
(498, 2, 2, 3, 0, '2020-11-06 11:00:00', 7.00, ''),
(499, 22, 2, 4, 0, '2020-11-06 11:00:00', 7.00, ''),
(500, 4, 3, 1, 0, '2020-11-06 11:00:00', 7.00, ''),
(501, 15, 3, 2, 0, '2020-11-06 11:00:00', 7.00, ''),
(502, 23, 3, 3, 0, '2020-11-06 11:00:00', 7.00, ''),
(503, 9, 3, 4, 0, '2020-11-06 11:00:00', 7.00, ''),
(504, 20, 3, 5, 0, '2020-11-06 11:00:00', 7.00, ''),
(505, 15, 1, 1, 0, '2020-11-06 15:00:00', 7.00, ''),
(506, 10, 1, 2, 0, '2020-11-06 15:00:00', 7.00, ''),
(507, 9, 1, 3, 0, '2020-11-06 15:00:00', 7.00, ''),
(508, 8, 2, 1, 0, '2020-11-06 15:00:00', 7.00, ''),
(509, 19, 2, 2, 0, '2020-11-06 15:00:00', 7.00, ''),
(510, 10, 2, 3, 0, '2020-11-06 15:00:00', 7.00, ''),
(511, 6, 2, 4, 0, '2020-11-06 15:00:00', 7.00, ''),
(512, 16, 3, 1, 0, '2020-11-06 15:00:00', 7.00, ''),
(513, 5, 3, 2, 0, '2020-11-06 15:00:00', 7.00, ''),
(514, 11, 3, 3, 0, '2020-11-06 15:00:00', 7.00, ''),
(515, 17, 3, 4, 0, '2020-11-06 15:00:00', 7.00, ''),
(516, 16, 3, 5, 0, '2020-11-06 15:00:00', 7.00, ''),
(517, 11, 1, 1, 0, '2020-11-06 18:30:00', 7.00, ''),
(518, 4, 1, 2, 0, '2020-11-06 18:30:00', 7.00, ''),
(519, 13, 1, 3, 0, '2020-11-06 18:30:00', 7.00, ''),
(520, 17, 2, 1, 0, '2020-11-06 18:30:00', 7.00, ''),
(521, 1, 2, 2, 0, '2020-11-06 18:30:00', 7.00, ''),
(522, 22, 2, 3, 0, '2020-11-06 18:30:00', 7.00, ''),
(523, 12, 2, 4, 0, '2020-11-06 18:30:00', 7.00, ''),
(524, 5, 3, 1, 0, '2020-11-06 18:30:00', 7.00, ''),
(525, 1, 3, 2, 0, '2020-11-06 18:30:00', 7.00, ''),
(526, 15, 3, 3, 0, '2020-11-06 18:30:00', 7.00, ''),
(527, 1, 3, 4, 0, '2020-11-06 18:30:00', 7.00, ''),
(528, 16, 3, 5, 0, '2020-11-06 18:30:00', 7.00, ''),
(529, 17, 1, 1, 0, '2020-11-06 21:30:00', 7.00, ''),
(530, 22, 1, 2, 0, '2020-11-06 21:30:00', 7.00, ''),
(531, 20, 1, 3, 0, '2020-11-06 21:30:00', 7.00, ''),
(532, 6, 2, 1, 0, '2020-11-06 21:30:00', 7.00, ''),
(533, 20, 2, 2, 0, '2020-11-06 21:30:00', 7.00, ''),
(534, 4, 2, 3, 0, '2020-11-06 21:30:00', 7.00, ''),
(535, 25, 2, 4, 0, '2020-11-06 21:30:00', 7.00, ''),
(536, 10, 3, 1, 0, '2020-11-06 21:30:00', 7.00, ''),
(537, 13, 3, 2, 0, '2020-11-06 21:30:00', 7.00, ''),
(538, 9, 3, 3, 0, '2020-11-06 21:30:00', 7.00, ''),
(539, 18, 3, 4, 0, '2020-11-06 21:30:00', 7.00, ''),
(540, 7, 3, 5, 0, '2020-11-06 21:30:00', 7.00, ''),
(541, 1, 1, 1, 0, '2020-11-09 11:00:00', 7.00, ''),
(542, 14, 1, 2, 0, '2020-11-09 11:00:00', 7.00, ''),
(543, 24, 1, 3, 0, '2020-11-09 11:00:00', 7.00, ''),
(544, 6, 2, 1, 0, '2020-11-09 11:00:00', 7.00, ''),
(545, 16, 2, 2, 0, '2020-11-09 11:00:00', 7.00, ''),
(546, 7, 2, 3, 0, '2020-11-09 11:00:00', 7.00, ''),
(547, 12, 2, 4, 0, '2020-11-09 11:00:00', 7.00, ''),
(548, 5, 3, 1, 0, '2020-11-09 11:00:00', 7.00, ''),
(549, 16, 3, 2, 0, '2020-11-09 11:00:00', 7.00, ''),
(550, 6, 3, 3, 0, '2020-11-09 11:00:00', 7.00, ''),
(551, 2, 3, 4, 0, '2020-11-09 11:00:00', 7.00, ''),
(552, 10, 3, 5, 0, '2020-11-09 11:00:00', 7.00, ''),
(553, 17, 1, 1, 0, '2020-11-09 15:00:00', 7.00, ''),
(554, 9, 1, 2, 0, '2020-11-09 15:00:00', 7.00, ''),
(555, 16, 1, 3, 0, '2020-11-09 15:00:00', 7.00, ''),
(556, 10, 2, 1, 0, '2020-11-09 15:00:00', 7.00, ''),
(557, 2, 2, 2, 0, '2020-11-09 15:00:00', 7.00, ''),
(558, 4, 2, 3, 0, '2020-11-09 15:00:00', 7.00, ''),
(559, 3, 2, 4, 0, '2020-11-09 15:00:00', 7.00, ''),
(560, 5, 3, 1, 0, '2020-11-09 15:00:00', 7.00, ''),
(561, 23, 3, 2, 0, '2020-11-09 15:00:00', 7.00, ''),
(562, 8, 3, 3, 0, '2020-11-09 15:00:00', 7.00, ''),
(563, 6, 3, 4, 0, '2020-11-09 15:00:00', 7.00, ''),
(564, 1, 3, 5, 0, '2020-11-09 15:00:00', 7.00, ''),
(565, 8, 1, 1, 0, '2020-11-09 18:30:00', 7.00, ''),
(566, 1, 1, 2, 0, '2020-11-09 18:30:00', 7.00, ''),
(567, 4, 1, 3, 0, '2020-11-09 18:30:00', 7.00, ''),
(568, 12, 2, 1, 0, '2020-11-09 18:30:00', 7.00, ''),
(569, 22, 2, 2, 0, '2020-11-09 18:30:00', 7.00, ''),
(570, 22, 2, 3, 0, '2020-11-09 18:30:00', 7.00, ''),
(571, 5, 2, 4, 0, '2020-11-09 18:30:00', 7.00, ''),
(572, 22, 3, 1, 0, '2020-11-09 18:30:00', 7.00, ''),
(573, 10, 3, 2, 0, '2020-11-09 18:30:00', 7.00, ''),
(574, 4, 3, 3, 0, '2020-11-09 18:30:00', 7.00, ''),
(575, 3, 3, 4, 0, '2020-11-09 18:30:00', 7.00, ''),
(576, 1, 3, 5, 0, '2020-11-09 18:30:00', 7.00, ''),
(577, 11, 1, 1, 0, '2020-11-09 21:30:00', 7.00, ''),
(578, 14, 1, 2, 0, '2020-11-09 21:30:00', 7.00, ''),
(579, 5, 1, 3, 0, '2020-11-09 21:30:00', 7.00, ''),
(580, 2, 2, 1, 0, '2020-11-09 21:30:00', 7.00, ''),
(581, 20, 2, 2, 0, '2020-11-09 21:30:00', 7.00, ''),
(582, 6, 2, 3, 0, '2020-11-09 21:30:00', 7.00, ''),
(583, 11, 2, 4, 0, '2020-11-09 21:30:00', 7.00, ''),
(584, 11, 3, 1, 0, '2020-11-09 21:30:00', 7.00, ''),
(585, 14, 3, 2, 0, '2020-11-09 21:30:00', 7.00, ''),
(586, 2, 3, 3, 0, '2020-11-09 21:30:00', 7.00, ''),
(587, 20, 3, 4, 0, '2020-11-09 21:30:00', 7.00, ''),
(588, 16, 3, 5, 0, '2020-11-09 21:30:00', 7.00, ''),
(589, 2, 1, 1, 0, '2020-11-10 11:00:00', 7.00, ''),
(590, 4, 1, 2, 0, '2020-11-10 11:00:00', 7.00, ''),
(591, 20, 1, 3, 0, '2020-11-10 11:00:00', 7.00, ''),
(592, 13, 2, 1, 0, '2020-11-10 11:00:00', 7.00, ''),
(593, 15, 2, 2, 0, '2020-11-10 11:00:00', 7.00, ''),
(594, 15, 2, 3, 0, '2020-11-10 11:00:00', 7.00, ''),
(595, 14, 2, 4, 0, '2020-11-10 11:00:00', 7.00, ''),
(596, 24, 3, 1, 0, '2020-11-10 11:00:00', 7.00, ''),
(597, 9, 3, 2, 0, '2020-11-10 11:00:00', 7.00, ''),
(598, 4, 3, 3, 0, '2020-11-10 11:00:00', 7.00, ''),
(599, 5, 3, 4, 0, '2020-11-10 11:00:00', 7.00, ''),
(600, 21, 3, 5, 0, '2020-11-10 11:00:00', 7.00, ''),
(601, 11, 1, 1, 0, '2020-11-10 15:00:00', 7.00, ''),
(602, 4, 1, 2, 0, '2020-11-10 15:00:00', 7.00, ''),
(603, 14, 1, 3, 0, '2020-11-10 15:00:00', 7.00, ''),
(604, 1, 2, 1, 0, '2020-11-10 15:00:00', 7.00, ''),
(605, 9, 2, 2, 0, '2020-11-10 15:00:00', 7.00, ''),
(606, 9, 2, 3, 0, '2020-11-10 15:00:00', 7.00, ''),
(607, 25, 2, 4, 0, '2020-11-10 15:00:00', 7.00, ''),
(608, 16, 3, 1, 0, '2020-11-10 15:00:00', 7.00, ''),
(609, 6, 3, 2, 0, '2020-11-10 15:00:00', 7.00, ''),
(610, 25, 3, 3, 0, '2020-11-10 15:00:00', 7.00, ''),
(611, 14, 3, 4, 0, '2020-11-10 15:00:00', 7.00, ''),
(612, 12, 3, 5, 0, '2020-11-10 15:00:00', 7.00, ''),
(613, 22, 1, 1, 0, '2020-11-10 18:30:00', 7.00, ''),
(614, 8, 1, 2, 0, '2020-11-10 18:30:00', 7.00, ''),
(615, 20, 1, 3, 0, '2020-11-10 18:30:00', 7.00, ''),
(616, 13, 2, 1, 0, '2020-11-10 18:30:00', 7.00, ''),
(617, 23, 2, 2, 0, '2020-11-10 18:30:00', 7.00, ''),
(618, 11, 2, 3, 0, '2020-11-10 18:30:00', 7.00, ''),
(619, 23, 2, 4, 0, '2020-11-10 18:30:00', 7.00, ''),
(620, 25, 3, 1, 0, '2020-11-10 18:30:00', 7.00, ''),
(621, 15, 3, 2, 0, '2020-11-10 18:30:00', 7.00, ''),
(622, 18, 3, 3, 0, '2020-11-10 18:30:00', 7.00, ''),
(623, 13, 3, 4, 0, '2020-11-10 18:30:00', 7.00, ''),
(624, 4, 3, 5, 0, '2020-11-10 18:30:00', 7.00, ''),
(625, 7, 1, 1, 0, '2020-11-10 21:30:00', 7.00, ''),
(626, 1, 1, 2, 0, '2020-11-10 21:30:00', 7.00, ''),
(627, 3, 1, 3, 0, '2020-11-10 21:30:00', 7.00, ''),
(628, 16, 2, 1, 0, '2020-11-10 21:30:00', 7.00, ''),
(629, 4, 2, 2, 0, '2020-11-10 21:30:00', 7.00, ''),
(630, 8, 2, 3, 0, '2020-11-10 21:30:00', 7.00, ''),
(631, 12, 2, 4, 0, '2020-11-10 21:30:00', 7.00, ''),
(632, 15, 3, 1, 0, '2020-11-10 21:30:00', 7.00, ''),
(633, 11, 3, 2, 0, '2020-11-10 21:30:00', 7.00, ''),
(634, 25, 3, 3, 0, '2020-11-10 21:30:00', 7.00, ''),
(635, 15, 3, 4, 0, '2020-11-10 21:30:00', 7.00, ''),
(636, 19, 3, 5, 0, '2020-11-10 21:30:00', 7.00, ''),
(637, 5, 1, 1, 0, '2020-11-11 11:00:00', 7.00, ''),
(638, 18, 1, 2, 0, '2020-11-11 11:00:00', 7.00, ''),
(639, 8, 1, 3, 0, '2020-11-11 11:00:00', 7.00, ''),
(640, 18, 2, 1, 0, '2020-11-11 11:00:00', 7.00, ''),
(641, 2, 2, 2, 0, '2020-11-11 11:00:00', 7.00, ''),
(642, 7, 2, 3, 0, '2020-11-11 11:00:00', 7.00, ''),
(643, 23, 2, 4, 0, '2020-11-11 11:00:00', 7.00, ''),
(644, 18, 3, 1, 0, '2020-11-11 11:00:00', 7.00, ''),
(645, 20, 3, 2, 0, '2020-11-11 11:00:00', 7.00, ''),
(646, 19, 3, 3, 0, '2020-11-11 11:00:00', 7.00, ''),
(647, 7, 3, 4, 0, '2020-11-11 11:00:00', 7.00, ''),
(648, 13, 3, 5, 0, '2020-11-11 11:00:00', 7.00, ''),
(649, 22, 1, 1, 0, '2020-11-11 15:00:00', 7.00, ''),
(650, 25, 1, 2, 0, '2020-11-11 15:00:00', 7.00, ''),
(651, 25, 1, 3, 0, '2020-11-11 15:00:00', 7.00, ''),
(652, 6, 2, 1, 0, '2020-11-11 15:00:00', 7.00, ''),
(653, 5, 2, 2, 0, '2020-11-11 15:00:00', 7.00, ''),
(654, 5, 2, 3, 0, '2020-11-11 15:00:00', 7.00, ''),
(655, 16, 2, 4, 0, '2020-11-11 15:00:00', 7.00, ''),
(656, 20, 3, 1, 0, '2020-11-11 15:00:00', 7.00, ''),
(657, 21, 3, 2, 0, '2020-11-11 15:00:00', 7.00, ''),
(658, 12, 3, 3, 0, '2020-11-11 15:00:00', 7.00, ''),
(659, 15, 3, 4, 0, '2020-11-11 15:00:00', 7.00, ''),
(660, 17, 3, 5, 0, '2020-11-11 15:00:00', 7.00, ''),
(661, 1, 1, 1, 0, '2020-11-11 18:30:00', 7.00, ''),
(662, 3, 1, 2, 0, '2020-11-11 18:30:00', 7.00, ''),
(663, 13, 1, 3, 0, '2020-11-11 18:30:00', 7.00, ''),
(664, 17, 2, 1, 0, '2020-11-11 18:30:00', 7.00, ''),
(665, 9, 2, 2, 0, '2020-11-11 18:30:00', 7.00, ''),
(666, 5, 2, 3, 0, '2020-11-11 18:30:00', 7.00, ''),
(667, 8, 2, 4, 0, '2020-11-11 18:30:00', 7.00, ''),
(668, 14, 3, 1, 0, '2020-11-11 18:30:00', 7.00, ''),
(669, 23, 3, 2, 0, '2020-11-11 18:30:00', 7.00, ''),
(670, 15, 3, 3, 0, '2020-11-11 18:30:00', 7.00, ''),
(671, 6, 3, 4, 0, '2020-11-11 18:30:00', 7.00, ''),
(672, 25, 3, 5, 0, '2020-11-11 18:30:00', 7.00, ''),
(673, 22, 1, 1, 0, '2020-11-11 21:30:00', 7.00, ''),
(674, 4, 1, 2, 0, '2020-11-11 21:30:00', 7.00, ''),
(675, 17, 1, 3, 0, '2020-11-11 21:30:00', 7.00, ''),
(676, 16, 2, 1, 0, '2020-11-11 21:30:00', 7.00, ''),
(677, 23, 2, 2, 0, '2020-11-11 21:30:00', 7.00, ''),
(678, 24, 2, 3, 0, '2020-11-11 21:30:00', 7.00, ''),
(679, 3, 2, 4, 0, '2020-11-11 21:30:00', 7.00, ''),
(680, 19, 3, 1, 0, '2020-11-11 21:30:00', 7.00, ''),
(681, 23, 3, 2, 0, '2020-11-11 21:30:00', 7.00, ''),
(682, 3, 3, 3, 0, '2020-11-11 21:30:00', 7.00, ''),
(683, 24, 3, 4, 0, '2020-11-11 21:30:00', 7.00, ''),
(684, 2, 3, 5, 0, '2020-11-11 21:30:00', 7.00, ''),
(685, 4, 1, 1, 0, '2020-11-12 11:00:00', 7.00, ''),
(686, 20, 1, 2, 0, '2020-11-12 11:00:00', 7.00, ''),
(687, 21, 1, 3, 0, '2020-11-12 11:00:00', 7.00, ''),
(688, 6, 2, 1, 0, '2020-11-12 11:00:00', 7.00, ''),
(689, 17, 2, 2, 0, '2020-11-12 11:00:00', 7.00, ''),
(690, 12, 2, 3, 0, '2020-11-12 11:00:00', 7.00, ''),
(691, 24, 2, 4, 0, '2020-11-12 11:00:00', 7.00, ''),
(692, 22, 3, 1, 0, '2020-11-12 11:00:00', 7.00, ''),
(693, 9, 3, 2, 0, '2020-11-12 11:00:00', 7.00, ''),
(694, 14, 3, 3, 0, '2020-11-12 11:00:00', 7.00, ''),
(695, 24, 3, 4, 0, '2020-11-12 11:00:00', 7.00, ''),
(696, 13, 3, 5, 0, '2020-11-12 11:00:00', 7.00, ''),
(697, 13, 1, 1, 0, '2020-11-12 15:00:00', 7.00, ''),
(698, 9, 1, 2, 0, '2020-11-12 15:00:00', 7.00, ''),
(699, 11, 1, 3, 0, '2020-11-12 15:00:00', 7.00, ''),
(700, 22, 2, 1, 0, '2020-11-12 15:00:00', 7.00, ''),
(701, 14, 2, 2, 0, '2020-11-12 15:00:00', 7.00, ''),
(702, 6, 2, 3, 0, '2020-11-12 15:00:00', 7.00, ''),
(703, 14, 2, 4, 0, '2020-11-12 15:00:00', 7.00, ''),
(704, 20, 3, 1, 0, '2020-11-12 15:00:00', 7.00, ''),
(705, 18, 3, 2, 0, '2020-11-12 15:00:00', 7.00, ''),
(706, 18, 3, 3, 0, '2020-11-12 15:00:00', 7.00, ''),
(707, 4, 3, 4, 0, '2020-11-12 15:00:00', 7.00, ''),
(708, 10, 3, 5, 0, '2020-11-12 15:00:00', 7.00, ''),
(709, 23, 1, 1, 0, '2020-11-12 18:30:00', 7.00, ''),
(710, 23, 1, 2, 0, '2020-11-12 18:30:00', 7.00, ''),
(711, 6, 1, 3, 0, '2020-11-12 18:30:00', 7.00, ''),
(712, 8, 2, 1, 0, '2020-11-12 18:30:00', 7.00, ''),
(713, 15, 2, 2, 0, '2020-11-12 18:30:00', 7.00, ''),
(714, 8, 2, 3, 0, '2020-11-12 18:30:00', 7.00, ''),
(715, 4, 2, 4, 0, '2020-11-12 18:30:00', 7.00, ''),
(716, 18, 3, 1, 0, '2020-11-12 18:30:00', 7.00, ''),
(717, 2, 3, 2, 0, '2020-11-12 18:30:00', 7.00, ''),
(718, 25, 3, 3, 0, '2020-11-12 18:30:00', 7.00, ''),
(719, 24, 3, 4, 0, '2020-11-12 18:30:00', 7.00, ''),
(720, 19, 3, 5, 0, '2020-11-12 18:30:00', 7.00, ''),
(721, 12, 1, 1, 0, '2020-11-12 21:30:00', 7.00, ''),
(722, 23, 1, 2, 0, '2020-11-12 21:30:00', 7.00, ''),
(723, 15, 1, 3, 0, '2020-11-12 21:30:00', 7.00, ''),
(724, 20, 2, 1, 0, '2020-11-12 21:30:00', 7.00, ''),
(725, 11, 2, 2, 0, '2020-11-12 21:30:00', 7.00, ''),
(726, 13, 2, 3, 0, '2020-11-12 21:30:00', 7.00, ''),
(727, 7, 2, 4, 0, '2020-11-12 21:30:00', 7.00, ''),
(728, 24, 3, 1, 0, '2020-11-12 21:30:00', 7.00, ''),
(729, 21, 3, 2, 0, '2020-11-12 21:30:00', 7.00, ''),
(730, 18, 3, 3, 0, '2020-11-12 21:30:00', 7.00, ''),
(731, 20, 3, 4, 0, '2020-11-12 21:30:00', 7.00, ''),
(732, 10, 3, 5, 0, '2020-11-12 21:30:00', 7.00, ''),
(733, 21, 1, 1, 0, '2020-11-13 11:00:00', 7.00, ''),
(734, 2, 1, 2, 0, '2020-11-13 11:00:00', 7.00, ''),
(735, 25, 1, 3, 0, '2020-11-13 11:00:00', 7.00, ''),
(736, 20, 2, 1, 0, '2020-11-13 11:00:00', 7.00, ''),
(737, 5, 2, 2, 0, '2020-11-13 11:00:00', 7.00, ''),
(738, 6, 2, 3, 0, '2020-11-13 11:00:00', 7.00, ''),
(739, 4, 2, 4, 0, '2020-11-13 11:00:00', 7.00, ''),
(740, 5, 3, 1, 0, '2020-11-13 11:00:00', 7.00, ''),
(741, 1, 3, 2, 0, '2020-11-13 11:00:00', 7.00, ''),
(742, 8, 3, 3, 0, '2020-11-13 11:00:00', 7.00, ''),
(743, 14, 3, 4, 0, '2020-11-13 11:00:00', 7.00, ''),
(744, 17, 3, 5, 0, '2020-11-13 11:00:00', 7.00, ''),
(745, 22, 1, 1, 0, '2020-11-13 15:00:00', 7.00, ''),
(746, 8, 1, 2, 0, '2020-11-13 15:00:00', 7.00, ''),
(747, 16, 1, 3, 0, '2020-11-13 15:00:00', 7.00, ''),
(748, 1, 2, 1, 0, '2020-11-13 15:00:00', 7.00, ''),
(749, 6, 2, 2, 0, '2020-11-13 15:00:00', 7.00, ''),
(750, 16, 2, 3, 0, '2020-11-13 15:00:00', 7.00, ''),
(751, 5, 2, 4, 0, '2020-11-13 15:00:00', 7.00, ''),
(752, 3, 3, 1, 0, '2020-11-13 15:00:00', 7.00, ''),
(753, 17, 3, 2, 0, '2020-11-13 15:00:00', 7.00, ''),
(754, 6, 3, 3, 0, '2020-11-13 15:00:00', 7.00, ''),
(755, 12, 3, 4, 0, '2020-11-13 15:00:00', 7.00, ''),
(756, 18, 3, 5, 0, '2020-11-13 15:00:00', 7.00, ''),
(757, 19, 1, 1, 0, '2020-11-13 18:30:00', 7.00, ''),
(758, 16, 1, 2, 0, '2020-11-13 18:30:00', 7.00, ''),
(759, 2, 1, 3, 0, '2020-11-13 18:30:00', 7.00, ''),
(760, 19, 2, 1, 0, '2020-11-13 18:30:00', 7.00, ''),
(761, 16, 2, 2, 0, '2020-11-13 18:30:00', 7.00, ''),
(762, 4, 2, 3, 0, '2020-11-13 18:30:00', 7.00, ''),
(763, 19, 2, 4, 0, '2020-11-13 18:30:00', 7.00, ''),
(764, 11, 3, 1, 0, '2020-11-13 18:30:00', 7.00, ''),
(765, 5, 3, 2, 0, '2020-11-13 18:30:00', 7.00, ''),
(766, 19, 3, 3, 0, '2020-11-13 18:30:00', 7.00, ''),
(767, 6, 3, 4, 0, '2020-11-13 18:30:00', 7.00, ''),
(768, 10, 3, 5, 0, '2020-11-13 18:30:00', 7.00, ''),
(769, 25, 1, 1, 0, '2020-11-13 21:30:00', 7.00, ''),
(770, 9, 1, 2, 0, '2020-11-13 21:30:00', 7.00, ''),
(771, 14, 1, 3, 0, '2020-11-13 21:30:00', 7.00, ''),
(772, 1, 2, 1, 0, '2020-11-13 21:30:00', 7.00, ''),
(773, 16, 2, 2, 0, '2020-11-13 21:30:00', 7.00, ''),
(774, 3, 2, 3, 0, '2020-11-13 21:30:00', 7.00, ''),
(775, 17, 2, 4, 0, '2020-11-13 21:30:00', 7.00, ''),
(776, 13, 3, 1, 0, '2020-11-13 21:30:00', 7.00, ''),
(777, 10, 3, 2, 0, '2020-11-13 21:30:00', 7.00, ''),
(778, 7, 3, 3, 0, '2020-11-13 21:30:00', 7.00, ''),
(779, 14, 3, 4, 0, '2020-11-13 21:30:00', 7.00, ''),
(780, 16, 3, 5, 0, '2020-11-13 21:30:00', 7.00, ''),
(781, 8, 1, 1, 0, '2020-11-16 11:00:00', 7.00, ''),
(782, 9, 1, 2, 0, '2020-11-16 11:00:00', 7.00, ''),
(783, 12, 1, 3, 0, '2020-11-16 11:00:00', 7.00, ''),
(784, 19, 2, 1, 0, '2020-11-16 11:00:00', 7.00, ''),
(785, 5, 2, 2, 0, '2020-11-16 11:00:00', 7.00, ''),
(786, 16, 2, 3, 0, '2020-11-16 11:00:00', 7.00, ''),
(787, 24, 2, 4, 0, '2020-11-16 11:00:00', 7.00, ''),
(788, 12, 3, 1, 0, '2020-11-16 11:00:00', 7.00, ''),
(789, 13, 3, 2, 0, '2020-11-16 11:00:00', 7.00, ''),
(790, 11, 3, 3, 0, '2020-11-16 11:00:00', 7.00, ''),
(791, 20, 3, 4, 0, '2020-11-16 11:00:00', 7.00, ''),
(792, 8, 3, 5, 0, '2020-11-16 11:00:00', 7.00, ''),
(793, 20, 1, 1, 0, '2020-11-16 15:00:00', 7.00, ''),
(794, 9, 1, 2, 0, '2020-11-16 15:00:00', 7.00, ''),
(795, 2, 1, 3, 0, '2020-11-16 15:00:00', 7.00, ''),
(796, 21, 2, 1, 0, '2020-11-16 15:00:00', 7.00, ''),
(797, 2, 2, 2, 0, '2020-11-16 15:00:00', 7.00, ''),
(798, 2, 2, 3, 0, '2020-11-16 15:00:00', 7.00, ''),
(799, 24, 2, 4, 0, '2020-11-16 15:00:00', 7.00, ''),
(800, 13, 3, 1, 0, '2020-11-16 15:00:00', 7.00, ''),
(801, 4, 3, 2, 0, '2020-11-16 15:00:00', 7.00, ''),
(802, 5, 3, 3, 0, '2020-11-16 15:00:00', 7.00, ''),
(803, 11, 3, 4, 0, '2020-11-16 15:00:00', 7.00, ''),
(804, 17, 3, 5, 0, '2020-11-16 15:00:00', 7.00, ''),
(805, 24, 1, 1, 0, '2020-11-16 18:30:00', 7.00, ''),
(806, 21, 1, 2, 0, '2020-11-16 18:30:00', 7.00, ''),
(807, 10, 1, 3, 0, '2020-11-16 18:30:00', 7.00, ''),
(808, 8, 2, 1, 0, '2020-11-16 18:30:00', 7.00, ''),
(809, 12, 2, 2, 0, '2020-11-16 18:30:00', 7.00, ''),
(810, 9, 2, 3, 0, '2020-11-16 18:30:00', 7.00, ''),
(811, 11, 2, 4, 0, '2020-11-16 18:30:00', 7.00, ''),
(812, 19, 3, 1, 0, '2020-11-16 18:30:00', 7.00, ''),
(813, 17, 3, 2, 0, '2020-11-16 18:30:00', 7.00, ''),
(814, 23, 3, 3, 0, '2020-11-16 18:30:00', 7.00, ''),
(815, 13, 3, 4, 0, '2020-11-16 18:30:00', 7.00, ''),
(816, 21, 3, 5, 0, '2020-11-16 18:30:00', 7.00, ''),
(817, 13, 1, 1, 0, '2020-11-16 21:30:00', 7.00, ''),
(818, 11, 1, 2, 0, '2020-11-16 21:30:00', 7.00, ''),
(819, 8, 1, 3, 0, '2020-11-16 21:30:00', 7.00, ''),
(820, 1, 2, 1, 0, '2020-11-16 21:30:00', 7.00, ''),
(821, 22, 2, 2, 0, '2020-11-16 21:30:00', 7.00, ''),
(822, 2, 2, 3, 0, '2020-11-16 21:30:00', 7.00, ''),
(823, 9, 2, 4, 0, '2020-11-16 21:30:00', 7.00, ''),
(824, 16, 3, 1, 0, '2020-11-16 21:30:00', 7.00, ''),
(825, 10, 3, 2, 0, '2020-11-16 21:30:00', 7.00, ''),
(826, 10, 3, 3, 0, '2020-11-16 21:30:00', 7.00, ''),
(827, 11, 3, 4, 0, '2020-11-16 21:30:00', 7.00, ''),
(828, 12, 3, 5, 0, '2020-11-16 21:30:00', 7.00, ''),
(829, 23, 1, 1, 0, '2020-11-17 11:00:00', 7.00, ''),
(830, 7, 1, 2, 0, '2020-11-17 11:00:00', 7.00, ''),
(831, 23, 1, 3, 0, '2020-11-17 11:00:00', 7.00, ''),
(832, 21, 2, 1, 0, '2020-11-17 11:00:00', 7.00, ''),
(833, 17, 2, 2, 0, '2020-11-17 11:00:00', 7.00, ''),
(834, 13, 2, 3, 0, '2020-11-17 11:00:00', 7.00, ''),
(835, 8, 2, 4, 0, '2020-11-17 11:00:00', 7.00, ''),
(836, 21, 3, 1, 0, '2020-11-17 11:00:00', 7.00, ''),
(837, 23, 3, 2, 0, '2020-11-17 11:00:00', 7.00, ''),
(838, 18, 3, 3, 0, '2020-11-17 11:00:00', 7.00, ''),
(839, 14, 3, 4, 0, '2020-11-17 11:00:00', 7.00, ''),
(840, 19, 3, 5, 0, '2020-11-17 11:00:00', 7.00, ''),
(841, 18, 1, 1, 0, '2020-11-17 15:00:00', 7.00, ''),
(842, 19, 1, 2, 0, '2020-11-17 15:00:00', 7.00, ''),
(843, 13, 1, 3, 0, '2020-11-17 15:00:00', 7.00, ''),
(844, 8, 2, 1, 0, '2020-11-17 15:00:00', 7.00, ''),
(845, 2, 2, 2, 0, '2020-11-17 15:00:00', 7.00, ''),
(846, 2, 2, 3, 0, '2020-11-17 15:00:00', 7.00, ''),
(847, 24, 2, 4, 0, '2020-11-17 15:00:00', 7.00, ''),
(848, 7, 3, 1, 0, '2020-11-17 15:00:00', 7.00, ''),
(849, 13, 3, 2, 0, '2020-11-17 15:00:00', 7.00, ''),
(850, 19, 3, 3, 0, '2020-11-17 15:00:00', 7.00, ''),
(851, 12, 3, 4, 0, '2020-11-17 15:00:00', 7.00, ''),
(852, 15, 3, 5, 0, '2020-11-17 15:00:00', 7.00, ''),
(853, 5, 1, 1, 0, '2020-11-17 18:30:00', 7.00, ''),
(854, 5, 1, 2, 0, '2020-11-17 18:30:00', 7.00, ''),
(855, 16, 1, 3, 0, '2020-11-17 18:30:00', 7.00, ''),
(856, 13, 2, 1, 0, '2020-11-17 18:30:00', 7.00, ''),
(857, 9, 2, 2, 0, '2020-11-17 18:30:00', 7.00, ''),
(858, 10, 2, 3, 0, '2020-11-17 18:30:00', 7.00, ''),
(859, 3, 2, 4, 0, '2020-11-17 18:30:00', 7.00, ''),
(860, 6, 3, 1, 0, '2020-11-17 18:30:00', 7.00, ''),
(861, 17, 3, 2, 0, '2020-11-17 18:30:00', 7.00, ''),
(862, 1, 3, 3, 0, '2020-11-17 18:30:00', 7.00, ''),
(863, 1, 3, 4, 0, '2020-11-17 18:30:00', 7.00, ''),
(864, 9, 3, 5, 0, '2020-11-17 18:30:00', 7.00, ''),
(865, 13, 1, 1, 0, '2020-11-17 21:30:00', 7.00, ''),
(866, 9, 1, 2, 0, '2020-11-17 21:30:00', 7.00, ''),
(867, 5, 1, 3, 0, '2020-11-17 21:30:00', 7.00, ''),
(868, 11, 2, 1, 0, '2020-11-17 21:30:00', 7.00, ''),
(869, 1, 2, 2, 0, '2020-11-17 21:30:00', 7.00, ''),
(870, 18, 2, 3, 0, '2020-11-17 21:30:00', 7.00, ''),
(871, 4, 2, 4, 0, '2020-11-17 21:30:00', 7.00, ''),
(872, 18, 3, 1, 0, '2020-11-17 21:30:00', 7.00, ''),
(873, 12, 3, 2, 0, '2020-11-17 21:30:00', 7.00, ''),
(874, 16, 3, 3, 0, '2020-11-17 21:30:00', 7.00, ''),
(875, 25, 3, 4, 0, '2020-11-17 21:30:00', 7.00, ''),
(876, 13, 3, 5, 0, '2020-11-17 21:30:00', 7.00, ''),
(877, 12, 1, 1, 0, '2020-11-18 11:00:00', 7.00, ''),
(878, 11, 1, 2, 0, '2020-11-18 11:00:00', 7.00, ''),
(879, 3, 1, 3, 0, '2020-11-18 11:00:00', 7.00, ''),
(880, 22, 2, 1, 0, '2020-11-18 11:00:00', 7.00, ''),
(881, 1, 2, 2, 0, '2020-11-18 11:00:00', 7.00, ''),
(882, 10, 2, 3, 0, '2020-11-18 11:00:00', 7.00, ''),
(883, 16, 2, 4, 0, '2020-11-18 11:00:00', 7.00, ''),
(884, 13, 3, 1, 0, '2020-11-18 11:00:00', 7.00, ''),
(885, 8, 3, 2, 0, '2020-11-18 11:00:00', 7.00, ''),
(886, 13, 3, 3, 0, '2020-11-18 11:00:00', 7.00, ''),
(887, 21, 3, 4, 0, '2020-11-18 11:00:00', 7.00, ''),
(888, 20, 3, 5, 0, '2020-11-18 11:00:00', 7.00, ''),
(889, 8, 1, 1, 0, '2020-11-18 15:00:00', 7.00, ''),
(890, 13, 1, 2, 0, '2020-11-18 15:00:00', 7.00, ''),
(891, 8, 1, 3, 0, '2020-11-18 15:00:00', 7.00, ''),
(892, 16, 2, 1, 0, '2020-11-18 15:00:00', 7.00, ''),
(893, 21, 2, 2, 0, '2020-11-18 15:00:00', 7.00, ''),
(894, 3, 2, 3, 0, '2020-11-18 15:00:00', 7.00, ''),
(895, 3, 2, 4, 0, '2020-11-18 15:00:00', 7.00, ''),
(896, 16, 3, 1, 0, '2020-11-18 15:00:00', 7.00, ''),
(897, 10, 3, 2, 0, '2020-11-18 15:00:00', 7.00, ''),
(898, 4, 3, 3, 0, '2020-11-18 15:00:00', 7.00, ''),
(899, 5, 3, 4, 0, '2020-11-18 15:00:00', 7.00, ''),
(900, 21, 3, 5, 0, '2020-11-18 15:00:00', 7.00, ''),
(901, 2, 1, 1, 0, '2020-11-18 18:30:00', 7.00, ''),
(902, 6, 1, 2, 0, '2020-11-18 18:30:00', 7.00, ''),
(903, 23, 1, 3, 0, '2020-11-18 18:30:00', 7.00, ''),
(904, 5, 2, 1, 0, '2020-11-18 18:30:00', 7.00, ''),
(905, 14, 2, 2, 0, '2020-11-18 18:30:00', 7.00, ''),
(906, 7, 2, 3, 0, '2020-11-18 18:30:00', 7.00, ''),
(907, 16, 2, 4, 0, '2020-11-18 18:30:00', 7.00, ''),
(908, 1, 3, 1, 0, '2020-11-18 18:30:00', 7.00, ''),
(909, 17, 3, 2, 0, '2020-11-18 18:30:00', 7.00, ''),
(910, 19, 3, 3, 0, '2020-11-18 18:30:00', 7.00, ''),
(911, 22, 3, 4, 0, '2020-11-18 18:30:00', 7.00, ''),
(912, 18, 3, 5, 0, '2020-11-18 18:30:00', 7.00, ''),
(913, 3, 1, 1, 0, '2020-11-18 21:30:00', 7.00, ''),
(914, 12, 1, 2, 0, '2020-11-18 21:30:00', 7.00, ''),
(915, 5, 1, 3, 0, '2020-11-18 21:30:00', 7.00, ''),
(916, 11, 2, 1, 0, '2020-11-18 21:30:00', 7.00, ''),
(917, 25, 2, 2, 0, '2020-11-18 21:30:00', 7.00, ''),
(918, 25, 2, 3, 0, '2020-11-18 21:30:00', 7.00, ''),
(919, 6, 2, 4, 0, '2020-11-18 21:30:00', 7.00, ''),
(920, 7, 3, 1, 0, '2020-11-18 21:30:00', 7.00, ''),
(921, 13, 3, 2, 0, '2020-11-18 21:30:00', 7.00, ''),
(922, 13, 3, 3, 0, '2020-11-18 21:30:00', 7.00, ''),
(923, 23, 3, 4, 0, '2020-11-18 21:30:00', 7.00, ''),
(924, 9, 3, 5, 0, '2020-11-18 21:30:00', 7.00, ''),
(925, 19, 1, 1, 0, '2020-11-19 11:00:00', 7.00, ''),
(926, 23, 1, 2, 0, '2020-11-19 11:00:00', 7.00, ''),
(927, 23, 1, 3, 0, '2020-11-19 11:00:00', 7.00, ''),
(928, 23, 2, 1, 0, '2020-11-19 11:00:00', 7.00, ''),
(929, 8, 2, 2, 0, '2020-11-19 11:00:00', 7.00, ''),
(930, 14, 2, 3, 0, '2020-11-19 11:00:00', 7.00, ''),
(931, 14, 2, 4, 0, '2020-11-19 11:00:00', 7.00, ''),
(932, 19, 3, 1, 0, '2020-11-19 11:00:00', 7.00, ''),
(933, 18, 3, 2, 0, '2020-11-19 11:00:00', 7.00, ''),
(934, 1, 3, 3, 0, '2020-11-19 11:00:00', 7.00, ''),
(935, 10, 3, 4, 0, '2020-11-19 11:00:00', 7.00, ''),
(936, 19, 3, 5, 0, '2020-11-19 11:00:00', 7.00, ''),
(937, 22, 1, 1, 0, '2020-11-19 15:00:00', 7.00, ''),
(938, 21, 1, 2, 0, '2020-11-19 15:00:00', 7.00, ''),
(939, 23, 1, 3, 0, '2020-11-19 15:00:00', 7.00, ''),
(940, 23, 2, 1, 0, '2020-11-19 15:00:00', 7.00, ''),
(941, 11, 2, 2, 0, '2020-11-19 15:00:00', 7.00, ''),
(942, 23, 2, 3, 0, '2020-11-19 15:00:00', 7.00, ''),
(943, 14, 2, 4, 0, '2020-11-19 15:00:00', 7.00, ''),
(944, 3, 3, 1, 0, '2020-11-19 15:00:00', 7.00, ''),
(945, 20, 3, 2, 0, '2020-11-19 15:00:00', 7.00, ''),
(946, 9, 3, 3, 0, '2020-11-19 15:00:00', 7.00, ''),
(947, 8, 3, 4, 0, '2020-11-19 15:00:00', 7.00, ''),
(948, 15, 3, 5, 0, '2020-11-19 15:00:00', 7.00, ''),
(949, 12, 1, 1, 0, '2020-11-19 18:30:00', 7.00, ''),
(950, 8, 1, 2, 0, '2020-11-19 18:30:00', 7.00, ''),
(951, 24, 1, 3, 0, '2020-11-19 18:30:00', 7.00, ''),
(952, 25, 2, 1, 0, '2020-11-19 18:30:00', 7.00, ''),
(953, 17, 2, 2, 0, '2020-11-19 18:30:00', 7.00, ''),
(954, 16, 2, 3, 0, '2020-11-19 18:30:00', 7.00, ''),
(955, 7, 2, 4, 0, '2020-11-19 18:30:00', 7.00, ''),
(956, 10, 3, 1, 0, '2020-11-19 18:30:00', 7.00, ''),
(957, 13, 3, 2, 0, '2020-11-19 18:30:00', 7.00, ''),
(958, 4, 3, 3, 0, '2020-11-19 18:30:00', 7.00, ''),
(959, 8, 3, 4, 0, '2020-11-19 18:30:00', 7.00, ''),
(960, 21, 3, 5, 0, '2020-11-19 18:30:00', 7.00, ''),
(961, 18, 1, 1, 0, '2020-11-19 21:30:00', 7.00, ''),
(962, 21, 1, 2, 0, '2020-11-19 21:30:00', 7.00, ''),
(963, 14, 1, 3, 0, '2020-11-19 21:30:00', 7.00, ''),
(964, 10, 2, 1, 0, '2020-11-19 21:30:00', 7.00, ''),
(965, 21, 2, 2, 0, '2020-11-19 21:30:00', 7.00, ''),
(966, 24, 2, 3, 0, '2020-11-19 21:30:00', 7.00, ''),
(967, 3, 2, 4, 0, '2020-11-19 21:30:00', 7.00, ''),
(968, 18, 3, 1, 0, '2020-11-19 21:30:00', 7.00, ''),
(969, 20, 3, 2, 0, '2020-11-19 21:30:00', 7.00, ''),
(970, 25, 3, 3, 0, '2020-11-19 21:30:00', 7.00, ''),
(971, 16, 3, 4, 0, '2020-11-19 21:30:00', 7.00, ''),
(972, 5, 3, 5, 0, '2020-11-19 21:30:00', 7.00, ''),
(973, 5, 1, 1, 0, '2020-11-20 11:00:00', 7.00, ''),
(974, 23, 1, 2, 0, '2020-11-20 11:00:00', 7.00, ''),
(975, 20, 1, 3, 0, '2020-11-20 11:00:00', 7.00, ''),
(976, 3, 2, 1, 0, '2020-11-20 11:00:00', 7.00, ''),
(977, 6, 2, 2, 0, '2020-11-20 11:00:00', 7.00, ''),
(978, 1, 2, 3, 0, '2020-11-20 11:00:00', 7.00, ''),
(979, 4, 2, 4, 0, '2020-11-20 11:00:00', 7.00, ''),
(980, 14, 3, 1, 0, '2020-11-20 11:00:00', 7.00, ''),
(981, 1, 3, 2, 0, '2020-11-20 11:00:00', 7.00, ''),
(982, 8, 3, 3, 0, '2020-11-20 11:00:00', 7.00, ''),
(983, 1, 3, 4, 0, '2020-11-20 11:00:00', 7.00, ''),
(984, 22, 3, 5, 0, '2020-11-20 11:00:00', 7.00, ''),
(985, 4, 1, 1, 0, '2020-11-20 15:00:00', 7.00, ''),
(986, 6, 1, 2, 0, '2020-11-20 15:00:00', 7.00, ''),
(987, 19, 1, 3, 0, '2020-11-20 15:00:00', 7.00, ''),
(988, 14, 2, 1, 0, '2020-11-20 15:00:00', 7.00, ''),
(989, 9, 2, 2, 0, '2020-11-20 15:00:00', 7.00, ''),
(990, 21, 2, 3, 0, '2020-11-20 15:00:00', 7.00, ''),
(991, 14, 2, 4, 0, '2020-11-20 15:00:00', 7.00, ''),
(992, 19, 3, 1, 0, '2020-11-20 15:00:00', 7.00, ''),
(993, 10, 3, 2, 0, '2020-11-20 15:00:00', 7.00, ''),
(994, 19, 3, 3, 0, '2020-11-20 15:00:00', 7.00, ''),
(995, 20, 3, 4, 0, '2020-11-20 15:00:00', 7.00, ''),
(996, 4, 3, 5, 0, '2020-11-20 15:00:00', 7.00, ''),
(997, 24, 1, 1, 0, '2020-11-20 18:30:00', 7.00, ''),
(998, 6, 1, 2, 0, '2020-11-20 18:30:00', 7.00, ''),
(999, 15, 1, 3, 0, '2020-11-20 18:30:00', 7.00, ''),
(1000, 13, 2, 1, 0, '2020-11-20 18:30:00', 7.00, ''),
(1001, 7, 2, 2, 0, '2020-11-20 18:30:00', 7.00, ''),
(1002, 10, 2, 3, 0, '2020-11-20 18:30:00', 7.00, ''),
(1003, 4, 2, 4, 0, '2020-11-20 18:30:00', 7.00, ''),
(1004, 12, 3, 1, 0, '2020-11-20 18:30:00', 7.00, ''),
(1005, 8, 3, 2, 0, '2020-11-20 18:30:00', 7.00, ''),
(1006, 23, 3, 3, 0, '2020-11-20 18:30:00', 7.00, ''),
(1007, 15, 3, 4, 0, '2020-11-20 18:30:00', 7.00, ''),
(1008, 13, 3, 5, 0, '2020-11-20 18:30:00', 7.00, ''),
(1009, 24, 1, 1, 0, '2020-11-20 21:30:00', 7.00, ''),
(1010, 18, 1, 2, 0, '2020-11-20 21:30:00', 7.00, ''),
(1011, 2, 1, 3, 0, '2020-11-20 21:30:00', 7.00, ''),
(1012, 24, 2, 1, 0, '2020-11-20 21:30:00', 7.00, ''),
(1013, 25, 2, 2, 0, '2020-11-20 21:30:00', 7.00, ''),
(1014, 2, 2, 3, 0, '2020-11-20 21:30:00', 7.00, ''),
(1015, 21, 2, 4, 0, '2020-11-20 21:30:00', 7.00, ''),
(1016, 3, 3, 1, 0, '2020-11-20 21:30:00', 7.00, ''),
(1017, 8, 3, 2, 0, '2020-11-20 21:30:00', 7.00, ''),
(1018, 14, 3, 3, 0, '2020-11-20 21:30:00', 7.00, ''),
(1019, 16, 3, 4, 0, '2020-11-20 21:30:00', 7.00, ''),
(1020, 16, 3, 5, 0, '2020-11-20 21:30:00', 7.00, ''),
(1021, 8, 1, 1, 0, '2020-11-23 11:00:00', 7.00, ''),
(1022, 14, 1, 2, 0, '2020-11-23 11:00:00', 7.00, ''),
(1023, 10, 1, 3, 0, '2020-11-23 11:00:00', 7.00, ''),
(1024, 14, 2, 1, 0, '2020-11-23 11:00:00', 7.00, ''),
(1025, 14, 2, 2, 0, '2020-11-23 11:00:00', 7.00, ''),
(1026, 23, 2, 3, 0, '2020-11-23 11:00:00', 7.00, ''),
(1027, 25, 2, 4, 0, '2020-11-23 11:00:00', 7.00, ''),
(1028, 11, 3, 1, 0, '2020-11-23 11:00:00', 7.00, ''),
(1029, 6, 3, 2, 0, '2020-11-23 11:00:00', 7.00, ''),
(1030, 20, 3, 3, 0, '2020-11-23 11:00:00', 7.00, ''),
(1031, 23, 3, 4, 0, '2020-11-23 11:00:00', 7.00, ''),
(1032, 4, 3, 5, 0, '2020-11-23 11:00:00', 7.00, ''),
(1033, 5, 1, 1, 0, '2020-11-23 15:00:00', 7.00, ''),
(1034, 21, 1, 2, 0, '2020-11-23 15:00:00', 7.00, ''),
(1035, 3, 1, 3, 0, '2020-11-23 15:00:00', 7.00, ''),
(1036, 20, 2, 1, 0, '2020-11-23 15:00:00', 7.00, ''),
(1037, 13, 2, 2, 0, '2020-11-23 15:00:00', 7.00, ''),
(1038, 16, 2, 3, 0, '2020-11-23 15:00:00', 7.00, ''),
(1039, 23, 2, 4, 0, '2020-11-23 15:00:00', 7.00, ''),
(1040, 20, 3, 1, 0, '2020-11-23 15:00:00', 7.00, ''),
(1041, 16, 3, 2, 0, '2020-11-23 15:00:00', 7.00, ''),
(1042, 1, 3, 3, 0, '2020-11-23 15:00:00', 7.00, ''),
(1043, 11, 3, 4, 0, '2020-11-23 15:00:00', 7.00, ''),
(1044, 20, 3, 5, 0, '2020-11-23 15:00:00', 7.00, ''),
(1045, 8, 1, 1, 0, '2020-11-23 18:30:00', 7.00, '');
INSERT INTO `movsessions` (`id`, `movie_id`, `cinema_id`, `hall`, `weekend`, `timing`, `price`, `taken_seats`) VALUES
(1046, 22, 1, 2, 0, '2020-11-23 18:30:00', 7.00, ''),
(1047, 9, 1, 3, 0, '2020-11-23 18:30:00', 7.00, ''),
(1048, 18, 2, 1, 0, '2020-11-23 18:30:00', 7.00, ''),
(1049, 21, 2, 2, 0, '2020-11-23 18:30:00', 7.00, ''),
(1050, 23, 2, 3, 0, '2020-11-23 18:30:00', 7.00, ''),
(1051, 12, 2, 4, 0, '2020-11-23 18:30:00', 7.00, ''),
(1052, 4, 3, 1, 0, '2020-11-23 18:30:00', 7.00, ''),
(1053, 12, 3, 2, 0, '2020-11-23 18:30:00', 7.00, ''),
(1054, 22, 3, 3, 0, '2020-11-23 18:30:00', 7.00, ''),
(1055, 17, 3, 4, 0, '2020-11-23 18:30:00', 7.00, ''),
(1056, 25, 3, 5, 0, '2020-11-23 18:30:00', 7.00, ''),
(1057, 19, 1, 1, 0, '2020-11-23 21:30:00', 7.00, ''),
(1058, 17, 1, 2, 0, '2020-11-23 21:30:00', 7.00, ''),
(1059, 10, 1, 3, 0, '2020-11-23 21:30:00', 7.00, ''),
(1060, 25, 2, 1, 0, '2020-11-23 21:30:00', 7.00, ''),
(1061, 11, 2, 2, 0, '2020-11-23 21:30:00', 7.00, ''),
(1062, 8, 2, 3, 0, '2020-11-23 21:30:00', 7.00, ''),
(1063, 3, 2, 4, 0, '2020-11-23 21:30:00', 7.00, ''),
(1064, 16, 3, 1, 0, '2020-11-23 21:30:00', 7.00, ''),
(1065, 3, 3, 2, 0, '2020-11-23 21:30:00', 7.00, ''),
(1066, 6, 3, 3, 0, '2020-11-23 21:30:00', 7.00, ''),
(1067, 10, 3, 4, 0, '2020-11-23 21:30:00', 7.00, ''),
(1068, 16, 3, 5, 0, '2020-11-23 21:30:00', 7.00, ''),
(1069, 7, 1, 1, 0, '2020-11-24 11:00:00', 7.00, ''),
(1070, 15, 1, 2, 0, '2020-11-24 11:00:00', 7.00, ''),
(1071, 22, 1, 3, 0, '2020-11-24 11:00:00', 7.00, ''),
(1072, 2, 2, 1, 0, '2020-11-24 11:00:00', 7.00, ''),
(1073, 1, 2, 2, 0, '2020-11-24 11:00:00', 7.00, ''),
(1074, 11, 2, 3, 0, '2020-11-24 11:00:00', 7.00, ''),
(1075, 18, 2, 4, 0, '2020-11-24 11:00:00', 7.00, ''),
(1076, 1, 3, 1, 0, '2020-11-24 11:00:00', 7.00, ''),
(1077, 13, 3, 2, 0, '2020-11-24 11:00:00', 7.00, ''),
(1078, 6, 3, 3, 0, '2020-11-24 11:00:00', 7.00, ''),
(1079, 17, 3, 4, 0, '2020-11-24 11:00:00', 7.00, ''),
(1080, 22, 3, 5, 0, '2020-11-24 11:00:00', 7.00, ''),
(1081, 11, 1, 1, 0, '2020-11-24 15:00:00', 7.00, ''),
(1082, 25, 1, 2, 0, '2020-11-24 15:00:00', 7.00, ''),
(1083, 10, 1, 3, 0, '2020-11-24 15:00:00', 7.00, ''),
(1084, 8, 2, 1, 0, '2020-11-24 15:00:00', 7.00, ''),
(1085, 14, 2, 2, 0, '2020-11-24 15:00:00', 7.00, ''),
(1086, 15, 2, 3, 0, '2020-11-24 15:00:00', 7.00, ''),
(1087, 7, 2, 4, 0, '2020-11-24 15:00:00', 7.00, ''),
(1088, 10, 3, 1, 0, '2020-11-24 15:00:00', 7.00, ''),
(1089, 19, 3, 2, 0, '2020-11-24 15:00:00', 7.00, ''),
(1090, 24, 3, 3, 0, '2020-11-24 15:00:00', 7.00, ''),
(1091, 25, 3, 4, 0, '2020-11-24 15:00:00', 7.00, ''),
(1092, 16, 3, 5, 0, '2020-11-24 15:00:00', 7.00, ''),
(1093, 22, 1, 1, 0, '2020-11-24 18:30:00', 7.00, ''),
(1094, 3, 1, 2, 0, '2020-11-24 18:30:00', 7.00, ''),
(1095, 9, 1, 3, 0, '2020-11-24 18:30:00', 7.00, ''),
(1096, 20, 2, 1, 0, '2020-11-24 18:30:00', 7.00, ''),
(1097, 5, 2, 2, 0, '2020-11-24 18:30:00', 7.00, ''),
(1098, 8, 2, 3, 0, '2020-11-24 18:30:00', 7.00, ''),
(1099, 21, 2, 4, 0, '2020-11-24 18:30:00', 7.00, ''),
(1100, 11, 3, 1, 0, '2020-11-24 18:30:00', 7.00, ''),
(1101, 22, 3, 2, 0, '2020-11-24 18:30:00', 7.00, ''),
(1102, 17, 3, 3, 0, '2020-11-24 18:30:00', 7.00, ''),
(1103, 13, 3, 4, 0, '2020-11-24 18:30:00', 7.00, ''),
(1104, 23, 3, 5, 0, '2020-11-24 18:30:00', 7.00, ''),
(1105, 3, 1, 1, 0, '2020-11-24 21:30:00', 7.00, ''),
(1106, 6, 1, 2, 0, '2020-11-24 21:30:00', 7.00, ''),
(1107, 24, 1, 3, 0, '2020-11-24 21:30:00', 7.00, ''),
(1108, 15, 2, 1, 0, '2020-11-24 21:30:00', 7.00, ''),
(1109, 11, 2, 2, 0, '2020-11-24 21:30:00', 7.00, ''),
(1110, 16, 2, 3, 0, '2020-11-24 21:30:00', 7.00, ''),
(1111, 12, 2, 4, 0, '2020-11-24 21:30:00', 7.00, ''),
(1112, 21, 3, 1, 0, '2020-11-24 21:30:00', 7.00, ''),
(1113, 15, 3, 2, 0, '2020-11-24 21:30:00', 7.00, ''),
(1114, 22, 3, 3, 0, '2020-11-24 21:30:00', 7.00, ''),
(1115, 4, 3, 4, 0, '2020-11-24 21:30:00', 7.00, ''),
(1116, 3, 3, 5, 0, '2020-11-24 21:30:00', 7.00, ''),
(1117, 24, 1, 1, 0, '2020-11-25 11:00:00', 7.00, ''),
(1118, 8, 1, 2, 0, '2020-11-25 11:00:00', 7.00, ''),
(1119, 5, 1, 3, 0, '2020-11-25 11:00:00', 7.00, ''),
(1120, 16, 2, 1, 0, '2020-11-25 11:00:00', 7.00, ''),
(1121, 25, 2, 2, 0, '2020-11-25 11:00:00', 7.00, ''),
(1122, 8, 2, 3, 0, '2020-11-25 11:00:00', 7.00, ''),
(1123, 25, 2, 4, 0, '2020-11-25 11:00:00', 7.00, ''),
(1124, 23, 3, 1, 0, '2020-11-25 11:00:00', 7.00, ''),
(1125, 5, 3, 2, 0, '2020-11-25 11:00:00', 7.00, ''),
(1126, 6, 3, 3, 0, '2020-11-25 11:00:00', 7.00, ''),
(1127, 6, 3, 4, 0, '2020-11-25 11:00:00', 7.00, ''),
(1128, 20, 3, 5, 0, '2020-11-25 11:00:00', 7.00, ''),
(1129, 13, 1, 1, 0, '2020-11-25 15:00:00', 7.00, ''),
(1130, 9, 1, 2, 0, '2020-11-25 15:00:00', 7.00, ''),
(1131, 13, 1, 3, 0, '2020-11-25 15:00:00', 7.00, ''),
(1132, 15, 2, 1, 0, '2020-11-25 15:00:00', 7.00, ''),
(1133, 8, 2, 2, 0, '2020-11-25 15:00:00', 7.00, ''),
(1134, 11, 2, 3, 0, '2020-11-25 15:00:00', 7.00, ''),
(1135, 8, 2, 4, 0, '2020-11-25 15:00:00', 7.00, ''),
(1136, 19, 3, 1, 0, '2020-11-25 15:00:00', 7.00, ''),
(1137, 8, 3, 2, 0, '2020-11-25 15:00:00', 7.00, ''),
(1138, 22, 3, 3, 0, '2020-11-25 15:00:00', 7.00, ''),
(1139, 14, 3, 4, 0, '2020-11-25 15:00:00', 7.00, ''),
(1140, 19, 3, 5, 0, '2020-11-25 15:00:00', 7.00, ''),
(1141, 10, 1, 1, 0, '2020-11-25 18:30:00', 7.00, ''),
(1142, 21, 1, 2, 0, '2020-11-25 18:30:00', 7.00, ''),
(1143, 17, 1, 3, 0, '2020-11-25 18:30:00', 7.00, ''),
(1144, 6, 2, 1, 0, '2020-11-25 18:30:00', 7.00, ''),
(1145, 14, 2, 2, 0, '2020-11-25 18:30:00', 7.00, ''),
(1146, 11, 2, 3, 0, '2020-11-25 18:30:00', 7.00, ''),
(1147, 15, 2, 4, 0, '2020-11-25 18:30:00', 7.00, ''),
(1148, 12, 3, 1, 0, '2020-11-25 18:30:00', 7.00, ''),
(1149, 19, 3, 2, 0, '2020-11-25 18:30:00', 7.00, ''),
(1150, 20, 3, 3, 0, '2020-11-25 18:30:00', 7.00, ''),
(1151, 3, 3, 4, 0, '2020-11-25 18:30:00', 7.00, ''),
(1152, 19, 3, 5, 0, '2020-11-25 18:30:00', 7.00, ''),
(1153, 2, 1, 1, 0, '2020-11-25 21:30:00', 7.00, ''),
(1154, 3, 1, 2, 0, '2020-11-25 21:30:00', 7.00, ''),
(1155, 16, 1, 3, 0, '2020-11-25 21:30:00', 7.00, ''),
(1156, 7, 2, 1, 0, '2020-11-25 21:30:00', 7.00, ''),
(1157, 8, 2, 2, 0, '2020-11-25 21:30:00', 7.00, ''),
(1158, 21, 2, 3, 0, '2020-11-25 21:30:00', 7.00, ''),
(1159, 2, 2, 4, 0, '2020-11-25 21:30:00', 7.00, ''),
(1160, 21, 3, 1, 0, '2020-11-25 21:30:00', 7.00, ''),
(1161, 5, 3, 2, 0, '2020-11-25 21:30:00', 7.00, ''),
(1162, 14, 3, 3, 0, '2020-11-25 21:30:00', 7.00, ''),
(1163, 11, 3, 4, 0, '2020-11-25 21:30:00', 7.00, ''),
(1164, 13, 3, 5, 0, '2020-11-25 21:30:00', 7.00, ''),
(1165, 2, 1, 1, 0, '2020-11-26 11:00:00', 7.00, ''),
(1166, 10, 1, 2, 0, '2020-11-26 11:00:00', 7.00, ''),
(1167, 14, 1, 3, 0, '2020-11-26 11:00:00', 7.00, ''),
(1168, 10, 2, 1, 0, '2020-11-26 11:00:00', 7.00, ''),
(1169, 7, 2, 2, 0, '2020-11-26 11:00:00', 7.00, ''),
(1170, 20, 2, 3, 0, '2020-11-26 11:00:00', 7.00, ''),
(1171, 6, 2, 4, 0, '2020-11-26 11:00:00', 7.00, ''),
(1172, 17, 3, 1, 0, '2020-11-26 11:00:00', 7.00, ''),
(1173, 20, 3, 2, 0, '2020-11-26 11:00:00', 7.00, ''),
(1174, 11, 3, 3, 0, '2020-11-26 11:00:00', 7.00, ''),
(1175, 15, 3, 4, 0, '2020-11-26 11:00:00', 7.00, ''),
(1176, 23, 3, 5, 0, '2020-11-26 11:00:00', 7.00, ''),
(1177, 25, 1, 1, 0, '2020-11-26 15:00:00', 7.00, ''),
(1178, 15, 1, 2, 0, '2020-11-26 15:00:00', 7.00, ''),
(1179, 11, 1, 3, 0, '2020-11-26 15:00:00', 7.00, ''),
(1180, 15, 2, 1, 0, '2020-11-26 15:00:00', 7.00, ''),
(1181, 10, 2, 2, 0, '2020-11-26 15:00:00', 7.00, ''),
(1182, 25, 2, 3, 0, '2020-11-26 15:00:00', 7.00, ''),
(1183, 11, 2, 4, 0, '2020-11-26 15:00:00', 7.00, ''),
(1184, 15, 3, 1, 0, '2020-11-26 15:00:00', 7.00, ''),
(1185, 4, 3, 2, 0, '2020-11-26 15:00:00', 7.00, ''),
(1186, 22, 3, 3, 0, '2020-11-26 15:00:00', 7.00, ''),
(1187, 9, 3, 4, 0, '2020-11-26 15:00:00', 7.00, ''),
(1188, 14, 3, 5, 0, '2020-11-26 15:00:00', 7.00, ''),
(1189, 14, 1, 1, 0, '2020-11-26 18:30:00', 7.00, ''),
(1190, 20, 1, 2, 0, '2020-11-26 18:30:00', 7.00, ''),
(1191, 1, 1, 3, 0, '2020-11-26 18:30:00', 7.00, ''),
(1192, 2, 2, 1, 0, '2020-11-26 18:30:00', 7.00, ''),
(1193, 5, 2, 2, 0, '2020-11-26 18:30:00', 7.00, ''),
(1194, 14, 2, 3, 0, '2020-11-26 18:30:00', 7.00, ''),
(1195, 6, 2, 4, 0, '2020-11-26 18:30:00', 7.00, ''),
(1196, 6, 3, 1, 0, '2020-11-26 18:30:00', 7.00, ''),
(1197, 24, 3, 2, 0, '2020-11-26 18:30:00', 7.00, ''),
(1198, 20, 3, 3, 0, '2020-11-26 18:30:00', 7.00, ''),
(1199, 15, 3, 4, 0, '2020-11-26 18:30:00', 7.00, ''),
(1200, 5, 3, 5, 0, '2020-11-26 18:30:00', 7.00, ''),
(1201, 14, 1, 1, 0, '2020-11-26 21:30:00', 7.00, ''),
(1202, 20, 1, 2, 0, '2020-11-26 21:30:00', 7.00, ''),
(1203, 22, 1, 3, 0, '2020-11-26 21:30:00', 7.00, ''),
(1204, 8, 2, 1, 0, '2020-11-26 21:30:00', 7.00, ''),
(1205, 6, 2, 2, 0, '2020-11-26 21:30:00', 7.00, ''),
(1206, 11, 2, 3, 0, '2020-11-26 21:30:00', 7.00, ''),
(1207, 6, 2, 4, 0, '2020-11-26 21:30:00', 7.00, ''),
(1208, 5, 3, 1, 0, '2020-11-26 21:30:00', 7.00, ''),
(1209, 1, 3, 2, 0, '2020-11-26 21:30:00', 7.00, ''),
(1210, 16, 3, 3, 0, '2020-11-26 21:30:00', 7.00, ''),
(1211, 20, 3, 4, 0, '2020-11-26 21:30:00', 7.00, ''),
(1212, 10, 3, 5, 0, '2020-11-26 21:30:00', 7.00, ''),
(1213, 22, 1, 1, 0, '2020-11-27 11:00:00', 7.00, ''),
(1214, 18, 1, 2, 0, '2020-11-27 11:00:00', 7.00, ''),
(1215, 18, 1, 3, 0, '2020-11-27 11:00:00', 7.00, ''),
(1216, 13, 2, 1, 0, '2020-11-27 11:00:00', 7.00, ''),
(1217, 24, 2, 2, 0, '2020-11-27 11:00:00', 7.00, ''),
(1218, 5, 2, 3, 0, '2020-11-27 11:00:00', 7.00, ''),
(1219, 6, 2, 4, 0, '2020-11-27 11:00:00', 7.00, ''),
(1220, 17, 3, 1, 0, '2020-11-27 11:00:00', 7.00, ''),
(1221, 20, 3, 2, 0, '2020-11-27 11:00:00', 7.00, ''),
(1222, 7, 3, 3, 0, '2020-11-27 11:00:00', 7.00, ''),
(1223, 11, 3, 4, 0, '2020-11-27 11:00:00', 7.00, ''),
(1224, 10, 3, 5, 0, '2020-11-27 11:00:00', 7.00, ''),
(1225, 10, 1, 1, 0, '2020-11-27 15:00:00', 7.00, ''),
(1226, 5, 1, 2, 0, '2020-11-27 15:00:00', 7.00, ''),
(1227, 21, 1, 3, 0, '2020-11-27 15:00:00', 7.00, ''),
(1228, 15, 2, 1, 0, '2020-11-27 15:00:00', 7.00, ''),
(1229, 23, 2, 2, 0, '2020-11-27 15:00:00', 7.00, ''),
(1230, 1, 2, 3, 0, '2020-11-27 15:00:00', 7.00, ''),
(1231, 24, 2, 4, 0, '2020-11-27 15:00:00', 7.00, ''),
(1232, 22, 3, 1, 0, '2020-11-27 15:00:00', 7.00, ''),
(1233, 9, 3, 2, 0, '2020-11-27 15:00:00', 7.00, ''),
(1234, 13, 3, 3, 0, '2020-11-27 15:00:00', 7.00, ''),
(1235, 22, 3, 4, 0, '2020-11-27 15:00:00', 7.00, ''),
(1236, 25, 3, 5, 0, '2020-11-27 15:00:00', 7.00, ''),
(1237, 15, 1, 1, 0, '2020-11-27 18:30:00', 7.00, ''),
(1238, 14, 1, 2, 0, '2020-11-27 18:30:00', 7.00, ''),
(1239, 12, 1, 3, 0, '2020-11-27 18:30:00', 7.00, ''),
(1240, 25, 2, 1, 0, '2020-11-27 18:30:00', 7.00, ''),
(1241, 21, 2, 2, 0, '2020-11-27 18:30:00', 7.00, ''),
(1242, 25, 2, 3, 0, '2020-11-27 18:30:00', 7.00, ''),
(1243, 15, 2, 4, 0, '2020-11-27 18:30:00', 7.00, ''),
(1244, 17, 3, 1, 0, '2020-11-27 18:30:00', 7.00, ''),
(1245, 17, 3, 2, 0, '2020-11-27 18:30:00', 7.00, ''),
(1246, 8, 3, 3, 0, '2020-11-27 18:30:00', 7.00, ''),
(1247, 5, 3, 4, 0, '2020-11-27 18:30:00', 7.00, ''),
(1248, 16, 3, 5, 0, '2020-11-27 18:30:00', 7.00, ''),
(1249, 12, 1, 1, 0, '2020-11-27 21:30:00', 7.00, ''),
(1250, 10, 1, 2, 0, '2020-11-27 21:30:00', 7.00, ''),
(1251, 8, 1, 3, 0, '2020-11-27 21:30:00', 7.00, ''),
(1252, 7, 2, 1, 0, '2020-11-27 21:30:00', 7.00, ''),
(1253, 16, 2, 2, 0, '2020-11-27 21:30:00', 7.00, ''),
(1254, 18, 2, 3, 0, '2020-11-27 21:30:00', 7.00, ''),
(1255, 17, 2, 4, 0, '2020-11-27 21:30:00', 7.00, ''),
(1256, 25, 3, 1, 0, '2020-11-27 21:30:00', 7.00, ''),
(1257, 22, 3, 2, 0, '2020-11-27 21:30:00', 7.00, ''),
(1258, 12, 3, 3, 0, '2020-11-27 21:30:00', 7.00, ''),
(1259, 15, 3, 4, 0, '2020-11-27 21:30:00', 7.00, ''),
(1260, 20, 3, 5, 0, '2020-11-27 21:30:00', 7.00, ''),
(1261, 12, 1, 1, 0, '2020-11-30 11:00:00', 7.00, ''),
(1262, 10, 1, 2, 0, '2020-11-30 11:00:00', 7.00, ''),
(1263, 25, 1, 3, 0, '2020-11-30 11:00:00', 7.00, ''),
(1264, 15, 2, 1, 0, '2020-11-30 11:00:00', 7.00, ''),
(1265, 15, 2, 2, 0, '2020-11-30 11:00:00', 7.00, ''),
(1266, 11, 2, 3, 0, '2020-11-30 11:00:00', 7.00, ''),
(1267, 7, 2, 4, 0, '2020-11-30 11:00:00', 7.00, ''),
(1268, 13, 3, 1, 0, '2020-11-30 11:00:00', 7.00, ''),
(1269, 6, 3, 2, 0, '2020-11-30 11:00:00', 7.00, ''),
(1270, 16, 3, 3, 0, '2020-11-30 11:00:00', 7.00, ''),
(1271, 21, 3, 4, 0, '2020-11-30 11:00:00', 7.00, ''),
(1272, 17, 3, 5, 0, '2020-11-30 11:00:00', 7.00, ''),
(1273, 24, 1, 1, 0, '2020-11-30 15:00:00', 7.00, ''),
(1274, 7, 1, 2, 0, '2020-11-30 15:00:00', 7.00, ''),
(1275, 11, 1, 3, 0, '2020-11-30 15:00:00', 7.00, ''),
(1276, 16, 2, 1, 0, '2020-11-30 15:00:00', 7.00, ''),
(1277, 4, 2, 2, 0, '2020-11-30 15:00:00', 7.00, ''),
(1278, 24, 2, 3, 0, '2020-11-30 15:00:00', 7.00, ''),
(1279, 11, 2, 4, 0, '2020-11-30 15:00:00', 7.00, ''),
(1280, 17, 3, 1, 0, '2020-11-30 15:00:00', 7.00, ''),
(1281, 9, 3, 2, 0, '2020-11-30 15:00:00', 7.00, ''),
(1282, 19, 3, 3, 0, '2020-11-30 15:00:00', 7.00, ''),
(1283, 17, 3, 4, 0, '2020-11-30 15:00:00', 7.00, ''),
(1284, 5, 3, 5, 0, '2020-11-30 15:00:00', 7.00, ''),
(1285, 20, 1, 1, 0, '2020-11-30 18:30:00', 7.00, ''),
(1286, 1, 1, 2, 0, '2020-11-30 18:30:00', 7.00, ''),
(1287, 21, 1, 3, 0, '2020-11-30 18:30:00', 7.00, ''),
(1288, 5, 2, 1, 0, '2020-11-30 18:30:00', 7.00, ''),
(1289, 10, 2, 2, 0, '2020-11-30 18:30:00', 7.00, ''),
(1290, 7, 2, 3, 0, '2020-11-30 18:30:00', 7.00, ''),
(1291, 17, 2, 4, 0, '2020-11-30 18:30:00', 7.00, ''),
(1292, 21, 3, 1, 0, '2020-11-30 18:30:00', 7.00, ''),
(1293, 17, 3, 2, 0, '2020-11-30 18:30:00', 7.00, ''),
(1294, 16, 3, 3, 0, '2020-11-30 18:30:00', 7.00, ''),
(1295, 10, 3, 4, 0, '2020-11-30 18:30:00', 7.00, ''),
(1296, 6, 3, 5, 0, '2020-11-30 18:30:00', 7.00, ''),
(1297, 2, 1, 1, 0, '2020-11-30 21:30:00', 7.00, ''),
(1298, 16, 1, 2, 0, '2020-11-30 21:30:00', 7.00, ''),
(1299, 19, 1, 3, 0, '2020-11-30 21:30:00', 7.00, ''),
(1300, 8, 2, 1, 0, '2020-11-30 21:30:00', 7.00, ''),
(1301, 7, 2, 2, 0, '2020-11-30 21:30:00', 7.00, ''),
(1302, 14, 2, 3, 0, '2020-11-30 21:30:00', 7.00, ''),
(1303, 24, 2, 4, 0, '2020-11-30 21:30:00', 7.00, ''),
(1304, 6, 3, 1, 0, '2020-11-30 21:30:00', 7.00, ''),
(1305, 20, 3, 2, 0, '2020-11-30 21:30:00', 7.00, ''),
(1306, 10, 3, 3, 0, '2020-11-30 21:30:00', 7.00, ''),
(1307, 21, 3, 4, 0, '2020-11-30 21:30:00', 7.00, ''),
(1308, 24, 3, 5, 0, '2020-11-30 21:30:00', 7.00, ''),
(1309, 16, 1, 1, 1, '2020-11-01 09:00:00', 9.00, ''),
(1310, 25, 1, 2, 1, '2020-11-01 09:00:00', 9.00, ''),
(1311, 24, 1, 3, 1, '2020-11-01 09:00:00', 9.00, ''),
(1312, 1, 2, 1, 1, '2020-11-01 09:00:00', 9.00, ''),
(1313, 4, 2, 2, 1, '2020-11-01 09:00:00', 9.00, ''),
(1314, 4, 2, 3, 1, '2020-11-01 09:00:00', 9.00, ''),
(1315, 21, 2, 4, 1, '2020-11-01 09:00:00', 9.00, ''),
(1316, 5, 3, 1, 1, '2020-11-01 09:00:00', 9.00, ''),
(1317, 9, 3, 2, 1, '2020-11-01 09:00:00', 9.00, ''),
(1318, 18, 3, 3, 1, '2020-11-01 09:00:00', 9.00, ''),
(1319, 10, 3, 4, 1, '2020-11-01 09:00:00', 9.00, ''),
(1320, 23, 3, 5, 1, '2020-11-01 09:00:00', 9.00, ''),
(1321, 25, 1, 1, 1, '2020-11-01 11:30:00', 9.00, ''),
(1322, 25, 1, 2, 1, '2020-11-01 11:30:00', 9.00, ''),
(1323, 23, 1, 3, 1, '2020-11-01 11:30:00', 9.00, ''),
(1324, 17, 2, 1, 1, '2020-11-01 11:30:00', 9.00, ''),
(1325, 18, 2, 2, 1, '2020-11-01 11:30:00', 9.00, ''),
(1326, 19, 2, 3, 1, '2020-11-01 11:30:00', 9.00, ''),
(1327, 9, 2, 4, 1, '2020-11-01 11:30:00', 9.00, ''),
(1328, 21, 3, 1, 1, '2020-11-01 11:30:00', 9.00, ''),
(1329, 6, 3, 2, 1, '2020-11-01 11:30:00', 9.00, ''),
(1330, 14, 3, 3, 1, '2020-11-01 11:30:00', 9.00, ''),
(1331, 6, 3, 4, 1, '2020-11-01 11:30:00', 9.00, ''),
(1332, 6, 3, 5, 1, '2020-11-01 11:30:00', 9.00, ''),
(1333, 14, 1, 1, 1, '2020-11-01 14:00:00', 9.00, ''),
(1334, 11, 1, 2, 1, '2020-11-01 14:00:00', 9.00, ''),
(1335, 12, 1, 3, 1, '2020-11-01 14:00:00', 9.00, ''),
(1336, 2, 2, 1, 1, '2020-11-01 14:00:00', 9.00, ''),
(1337, 24, 2, 2, 1, '2020-11-01 14:00:00', 9.00, ''),
(1338, 9, 2, 3, 1, '2020-11-01 14:00:00', 9.00, ''),
(1339, 10, 2, 4, 1, '2020-11-01 14:00:00', 9.00, ''),
(1340, 14, 3, 1, 1, '2020-11-01 14:00:00', 9.00, ''),
(1341, 9, 3, 2, 1, '2020-11-01 14:00:00', 9.00, ''),
(1342, 8, 3, 3, 1, '2020-11-01 14:00:00', 9.00, ''),
(1343, 15, 3, 4, 1, '2020-11-01 14:00:00', 9.00, ''),
(1344, 12, 3, 5, 1, '2020-11-01 14:00:00', 9.00, ''),
(1345, 11, 1, 1, 1, '2020-11-01 16:30:00', 9.00, ''),
(1346, 10, 1, 2, 1, '2020-11-01 16:30:00', 9.00, ''),
(1347, 17, 1, 3, 1, '2020-11-01 16:30:00', 9.00, ''),
(1348, 20, 2, 1, 1, '2020-11-01 16:30:00', 9.00, ''),
(1349, 3, 2, 2, 1, '2020-11-01 16:30:00', 9.00, ''),
(1350, 1, 2, 3, 1, '2020-11-01 16:30:00', 9.00, ''),
(1351, 18, 2, 4, 1, '2020-11-01 16:30:00', 9.00, ''),
(1352, 2, 3, 1, 1, '2020-11-01 16:30:00', 9.00, ''),
(1353, 25, 3, 2, 1, '2020-11-01 16:30:00', 9.00, ''),
(1354, 15, 3, 3, 1, '2020-11-01 16:30:00', 9.00, ''),
(1355, 18, 3, 4, 1, '2020-11-01 16:30:00', 9.00, ''),
(1356, 17, 3, 5, 1, '2020-11-01 16:30:00', 9.00, ''),
(1357, 9, 1, 1, 1, '2020-11-01 19:00:00', 9.00, ''),
(1358, 2, 1, 2, 1, '2020-11-01 19:00:00', 9.00, ''),
(1359, 12, 1, 3, 1, '2020-11-01 19:00:00', 9.00, ''),
(1360, 14, 2, 1, 1, '2020-11-01 19:00:00', 9.00, ''),
(1361, 15, 2, 2, 1, '2020-11-01 19:00:00', 9.00, ''),
(1362, 18, 2, 3, 1, '2020-11-01 19:00:00', 9.00, ''),
(1363, 19, 2, 4, 1, '2020-11-01 19:00:00', 9.00, ''),
(1364, 4, 3, 1, 1, '2020-11-01 19:00:00', 9.00, ''),
(1365, 3, 3, 2, 1, '2020-11-01 19:00:00', 9.00, ''),
(1366, 6, 3, 3, 1, '2020-11-01 19:00:00', 9.00, ''),
(1367, 5, 3, 4, 1, '2020-11-01 19:00:00', 9.00, ''),
(1368, 2, 3, 5, 1, '2020-11-01 19:00:00', 9.00, ''),
(1369, 15, 1, 1, 1, '2020-11-01 21:30:00', 9.00, ''),
(1370, 14, 1, 2, 1, '2020-11-01 21:30:00', 9.00, ''),
(1371, 16, 1, 3, 1, '2020-11-01 21:30:00', 9.00, ''),
(1372, 23, 2, 1, 1, '2020-11-01 21:30:00', 9.00, ''),
(1373, 22, 2, 2, 1, '2020-11-01 21:30:00', 9.00, ''),
(1374, 5, 2, 3, 1, '2020-11-01 21:30:00', 9.00, ''),
(1375, 9, 2, 4, 1, '2020-11-01 21:30:00', 9.00, ''),
(1376, 8, 3, 1, 1, '2020-11-01 21:30:00', 9.00, ''),
(1377, 14, 3, 2, 1, '2020-11-01 21:30:00', 9.00, ''),
(1378, 25, 3, 3, 1, '2020-11-01 21:30:00', 9.00, ''),
(1379, 3, 3, 4, 1, '2020-11-01 21:30:00', 9.00, ''),
(1380, 16, 3, 5, 1, '2020-11-01 21:30:00', 9.00, ''),
(1381, 23, 1, 1, 1, '2020-11-07 09:00:00', 9.00, ''),
(1382, 5, 1, 2, 1, '2020-11-07 09:00:00', 9.00, ''),
(1383, 8, 1, 3, 1, '2020-11-07 09:00:00', 9.00, ''),
(1384, 17, 2, 1, 1, '2020-11-07 09:00:00', 9.00, ''),
(1385, 13, 2, 2, 1, '2020-11-07 09:00:00', 9.00, ''),
(1386, 15, 2, 3, 1, '2020-11-07 09:00:00', 9.00, ''),
(1387, 7, 2, 4, 1, '2020-11-07 09:00:00', 9.00, ''),
(1388, 24, 3, 1, 1, '2020-11-07 09:00:00', 9.00, ''),
(1389, 23, 3, 2, 1, '2020-11-07 09:00:00', 9.00, ''),
(1390, 5, 3, 3, 1, '2020-11-07 09:00:00', 9.00, ''),
(1391, 24, 3, 4, 1, '2020-11-07 09:00:00', 9.00, ''),
(1392, 15, 3, 5, 1, '2020-11-07 09:00:00', 9.00, ''),
(1393, 21, 1, 1, 1, '2020-11-07 11:30:00', 9.00, ''),
(1394, 5, 1, 2, 1, '2020-11-07 11:30:00', 9.00, ''),
(1395, 25, 1, 3, 1, '2020-11-07 11:30:00', 9.00, ''),
(1396, 9, 2, 1, 1, '2020-11-07 11:30:00', 9.00, ''),
(1397, 8, 2, 2, 1, '2020-11-07 11:30:00', 9.00, ''),
(1398, 7, 2, 3, 1, '2020-11-07 11:30:00', 9.00, ''),
(1399, 4, 2, 4, 1, '2020-11-07 11:30:00', 9.00, ''),
(1400, 25, 3, 1, 1, '2020-11-07 11:30:00', 9.00, ''),
(1401, 3, 3, 2, 1, '2020-11-07 11:30:00', 9.00, ''),
(1402, 18, 3, 3, 1, '2020-11-07 11:30:00', 9.00, ''),
(1403, 10, 3, 4, 1, '2020-11-07 11:30:00', 9.00, ''),
(1404, 24, 3, 5, 1, '2020-11-07 11:30:00', 9.00, ''),
(1405, 16, 1, 1, 1, '2020-11-07 14:00:00', 9.00, ''),
(1406, 12, 1, 2, 1, '2020-11-07 14:00:00', 9.00, ''),
(1407, 17, 1, 3, 1, '2020-11-07 14:00:00', 9.00, ''),
(1408, 10, 2, 1, 1, '2020-11-07 14:00:00', 9.00, ''),
(1409, 12, 2, 2, 1, '2020-11-07 14:00:00', 9.00, ''),
(1410, 7, 2, 3, 1, '2020-11-07 14:00:00', 9.00, ''),
(1411, 15, 2, 4, 1, '2020-11-07 14:00:00', 9.00, ''),
(1412, 9, 3, 1, 1, '2020-11-07 14:00:00', 9.00, ''),
(1413, 11, 3, 2, 1, '2020-11-07 14:00:00', 9.00, ''),
(1414, 22, 3, 3, 1, '2020-11-07 14:00:00', 9.00, ''),
(1415, 1, 3, 4, 1, '2020-11-07 14:00:00', 9.00, ''),
(1416, 24, 3, 5, 1, '2020-11-07 14:00:00', 9.00, ''),
(1417, 12, 1, 1, 1, '2020-11-07 16:30:00', 9.00, ''),
(1418, 7, 1, 2, 1, '2020-11-07 16:30:00', 9.00, ''),
(1419, 22, 1, 3, 1, '2020-11-07 16:30:00', 9.00, ''),
(1420, 10, 2, 1, 1, '2020-11-07 16:30:00', 9.00, ''),
(1421, 12, 2, 2, 1, '2020-11-07 16:30:00', 9.00, ''),
(1422, 20, 2, 3, 1, '2020-11-07 16:30:00', 9.00, ''),
(1423, 24, 2, 4, 1, '2020-11-07 16:30:00', 9.00, ''),
(1424, 7, 3, 1, 1, '2020-11-07 16:30:00', 9.00, ''),
(1425, 24, 3, 2, 1, '2020-11-07 16:30:00', 9.00, ''),
(1426, 24, 3, 3, 1, '2020-11-07 16:30:00', 9.00, ''),
(1427, 16, 3, 4, 1, '2020-11-07 16:30:00', 9.00, ''),
(1428, 7, 3, 5, 1, '2020-11-07 16:30:00', 9.00, ''),
(1429, 5, 1, 1, 1, '2020-11-07 19:00:00', 9.00, ''),
(1430, 19, 1, 2, 1, '2020-11-07 19:00:00', 9.00, ''),
(1431, 7, 1, 3, 1, '2020-11-07 19:00:00', 9.00, ''),
(1432, 8, 2, 1, 1, '2020-11-07 19:00:00', 9.00, ''),
(1433, 12, 2, 2, 1, '2020-11-07 19:00:00', 9.00, ''),
(1434, 16, 2, 3, 1, '2020-11-07 19:00:00', 9.00, ''),
(1435, 6, 2, 4, 1, '2020-11-07 19:00:00', 9.00, ''),
(1436, 3, 3, 1, 1, '2020-11-07 19:00:00', 9.00, ''),
(1437, 3, 3, 2, 1, '2020-11-07 19:00:00', 9.00, ''),
(1438, 22, 3, 3, 1, '2020-11-07 19:00:00', 9.00, ''),
(1439, 12, 3, 4, 1, '2020-11-07 19:00:00', 9.00, ''),
(1440, 14, 3, 5, 1, '2020-11-07 19:00:00', 9.00, ''),
(1441, 4, 1, 1, 1, '2020-11-07 21:30:00', 9.00, ''),
(1442, 2, 1, 2, 1, '2020-11-07 21:30:00', 9.00, ''),
(1443, 22, 1, 3, 1, '2020-11-07 21:30:00', 9.00, ''),
(1444, 15, 2, 1, 1, '2020-11-07 21:30:00', 9.00, ''),
(1445, 24, 2, 2, 1, '2020-11-07 21:30:00', 9.00, ''),
(1446, 22, 2, 3, 1, '2020-11-07 21:30:00', 9.00, ''),
(1447, 13, 2, 4, 1, '2020-11-07 21:30:00', 9.00, ''),
(1448, 11, 3, 1, 1, '2020-11-07 21:30:00', 9.00, ''),
(1449, 4, 3, 2, 1, '2020-11-07 21:30:00', 9.00, ''),
(1450, 9, 3, 3, 1, '2020-11-07 21:30:00', 9.00, ''),
(1451, 20, 3, 4, 1, '2020-11-07 21:30:00', 9.00, ''),
(1452, 15, 3, 5, 1, '2020-11-07 21:30:00', 9.00, ''),
(1453, 10, 1, 1, 1, '2020-11-08 09:00:00', 9.00, ''),
(1454, 5, 1, 2, 1, '2020-11-08 09:00:00', 9.00, ''),
(1455, 10, 1, 3, 1, '2020-11-08 09:00:00', 9.00, ''),
(1456, 19, 2, 1, 1, '2020-11-08 09:00:00', 9.00, ''),
(1457, 23, 2, 2, 1, '2020-11-08 09:00:00', 9.00, ''),
(1458, 5, 2, 3, 1, '2020-11-08 09:00:00', 9.00, ''),
(1459, 23, 2, 4, 1, '2020-11-08 09:00:00', 9.00, ''),
(1460, 22, 3, 1, 1, '2020-11-08 09:00:00', 9.00, ''),
(1461, 10, 3, 2, 1, '2020-11-08 09:00:00', 9.00, ''),
(1462, 12, 3, 3, 1, '2020-11-08 09:00:00', 9.00, ''),
(1463, 10, 3, 4, 1, '2020-11-08 09:00:00', 9.00, ''),
(1464, 16, 3, 5, 1, '2020-11-08 09:00:00', 9.00, ''),
(1465, 21, 1, 1, 1, '2020-11-08 11:30:00', 9.00, ''),
(1466, 13, 1, 2, 1, '2020-11-08 11:30:00', 9.00, ''),
(1467, 2, 1, 3, 1, '2020-11-08 11:30:00', 9.00, ''),
(1468, 4, 2, 1, 1, '2020-11-08 11:30:00', 9.00, ''),
(1469, 11, 2, 2, 1, '2020-11-08 11:30:00', 9.00, ''),
(1470, 16, 2, 3, 1, '2020-11-08 11:30:00', 9.00, ''),
(1471, 17, 2, 4, 1, '2020-11-08 11:30:00', 9.00, ''),
(1472, 9, 3, 1, 1, '2020-11-08 11:30:00', 9.00, ''),
(1473, 9, 3, 2, 1, '2020-11-08 11:30:00', 9.00, ''),
(1474, 18, 3, 3, 1, '2020-11-08 11:30:00', 9.00, ''),
(1475, 8, 3, 4, 1, '2020-11-08 11:30:00', 9.00, ''),
(1476, 8, 3, 5, 1, '2020-11-08 11:30:00', 9.00, ''),
(1477, 20, 1, 1, 1, '2020-11-08 14:00:00', 9.00, ''),
(1478, 3, 1, 2, 1, '2020-11-08 14:00:00', 9.00, ''),
(1479, 11, 1, 3, 1, '2020-11-08 14:00:00', 9.00, ''),
(1480, 2, 2, 1, 1, '2020-11-08 14:00:00', 9.00, ''),
(1481, 17, 2, 2, 1, '2020-11-08 14:00:00', 9.00, ''),
(1482, 2, 2, 3, 1, '2020-11-08 14:00:00', 9.00, ''),
(1483, 17, 2, 4, 1, '2020-11-08 14:00:00', 9.00, ''),
(1484, 1, 3, 1, 1, '2020-11-08 14:00:00', 9.00, ''),
(1485, 6, 3, 2, 1, '2020-11-08 14:00:00', 9.00, ''),
(1486, 2, 3, 3, 1, '2020-11-08 14:00:00', 9.00, ''),
(1487, 20, 3, 4, 1, '2020-11-08 14:00:00', 9.00, ''),
(1488, 4, 3, 5, 1, '2020-11-08 14:00:00', 9.00, ''),
(1489, 6, 1, 1, 1, '2020-11-08 16:30:00', 9.00, ''),
(1490, 17, 1, 2, 1, '2020-11-08 16:30:00', 9.00, ''),
(1491, 25, 1, 3, 1, '2020-11-08 16:30:00', 9.00, ''),
(1492, 15, 2, 1, 1, '2020-11-08 16:30:00', 9.00, ''),
(1493, 4, 2, 2, 1, '2020-11-08 16:30:00', 9.00, ''),
(1494, 10, 2, 3, 1, '2020-11-08 16:30:00', 9.00, ''),
(1495, 6, 2, 4, 1, '2020-11-08 16:30:00', 9.00, ''),
(1496, 25, 3, 1, 1, '2020-11-08 16:30:00', 9.00, ''),
(1497, 23, 3, 2, 1, '2020-11-08 16:30:00', 9.00, ''),
(1498, 8, 3, 3, 1, '2020-11-08 16:30:00', 9.00, ''),
(1499, 3, 3, 4, 1, '2020-11-08 16:30:00', 9.00, ''),
(1500, 8, 3, 5, 1, '2020-11-08 16:30:00', 9.00, ''),
(1501, 24, 1, 1, 1, '2020-11-08 19:00:00', 9.00, ''),
(1502, 19, 1, 2, 1, '2020-11-08 19:00:00', 9.00, ''),
(1503, 17, 1, 3, 1, '2020-11-08 19:00:00', 9.00, ''),
(1504, 7, 2, 1, 1, '2020-11-08 19:00:00', 9.00, ''),
(1505, 11, 2, 2, 1, '2020-11-08 19:00:00', 9.00, ''),
(1506, 24, 2, 3, 1, '2020-11-08 19:00:00', 9.00, ''),
(1507, 15, 2, 4, 1, '2020-11-08 19:00:00', 9.00, ''),
(1508, 5, 3, 1, 1, '2020-11-08 19:00:00', 9.00, ''),
(1509, 1, 3, 2, 1, '2020-11-08 19:00:00', 9.00, ''),
(1510, 25, 3, 3, 1, '2020-11-08 19:00:00', 9.00, ''),
(1511, 6, 3, 4, 1, '2020-11-08 19:00:00', 9.00, ''),
(1512, 18, 3, 5, 1, '2020-11-08 19:00:00', 9.00, ''),
(1513, 2, 1, 1, 1, '2020-11-08 21:30:00', 9.00, ''),
(1514, 23, 1, 2, 1, '2020-11-08 21:30:00', 9.00, ''),
(1515, 18, 1, 3, 1, '2020-11-08 21:30:00', 9.00, ''),
(1516, 7, 2, 1, 1, '2020-11-08 21:30:00', 9.00, ''),
(1517, 24, 2, 2, 1, '2020-11-08 21:30:00', 9.00, ''),
(1518, 12, 2, 3, 1, '2020-11-08 21:30:00', 9.00, ''),
(1519, 10, 2, 4, 1, '2020-11-08 21:30:00', 9.00, ''),
(1520, 4, 3, 1, 1, '2020-11-08 21:30:00', 9.00, ''),
(1521, 4, 3, 2, 1, '2020-11-08 21:30:00', 9.00, ''),
(1522, 10, 3, 3, 1, '2020-11-08 21:30:00', 9.00, ''),
(1523, 19, 3, 4, 1, '2020-11-08 21:30:00', 9.00, ''),
(1524, 7, 3, 5, 1, '2020-11-08 21:30:00', 9.00, ''),
(1525, 22, 1, 1, 1, '2020-11-14 09:00:00', 9.00, ''),
(1526, 8, 1, 2, 1, '2020-11-14 09:00:00', 9.00, ''),
(1527, 11, 1, 3, 1, '2020-11-14 09:00:00', 9.00, ''),
(1528, 12, 2, 1, 1, '2020-11-14 09:00:00', 9.00, ''),
(1529, 8, 2, 2, 1, '2020-11-14 09:00:00', 9.00, ''),
(1530, 21, 2, 3, 1, '2020-11-14 09:00:00', 9.00, ''),
(1531, 7, 2, 4, 1, '2020-11-14 09:00:00', 9.00, ''),
(1532, 15, 3, 1, 1, '2020-11-14 09:00:00', 9.00, ''),
(1533, 17, 3, 2, 1, '2020-11-14 09:00:00', 9.00, ''),
(1534, 16, 3, 3, 1, '2020-11-14 09:00:00', 9.00, ''),
(1535, 8, 3, 4, 1, '2020-11-14 09:00:00', 9.00, ''),
(1536, 13, 3, 5, 1, '2020-11-14 09:00:00', 9.00, ''),
(1537, 13, 1, 1, 1, '2020-11-14 11:30:00', 9.00, ''),
(1538, 20, 1, 2, 1, '2020-11-14 11:30:00', 9.00, ''),
(1539, 16, 1, 3, 1, '2020-11-14 11:30:00', 9.00, ''),
(1540, 25, 2, 1, 1, '2020-11-14 11:30:00', 9.00, ''),
(1541, 17, 2, 2, 1, '2020-11-14 11:30:00', 9.00, ''),
(1542, 7, 2, 3, 1, '2020-11-14 11:30:00', 9.00, ''),
(1543, 25, 2, 4, 1, '2020-11-14 11:30:00', 9.00, ''),
(1544, 11, 3, 1, 1, '2020-11-14 11:30:00', 9.00, ''),
(1545, 24, 3, 2, 1, '2020-11-14 11:30:00', 9.00, ''),
(1546, 10, 3, 3, 1, '2020-11-14 11:30:00', 9.00, ''),
(1547, 10, 3, 4, 1, '2020-11-14 11:30:00', 9.00, ''),
(1548, 9, 3, 5, 1, '2020-11-14 11:30:00', 9.00, ''),
(1549, 17, 1, 1, 1, '2020-11-14 14:00:00', 9.00, ''),
(1550, 13, 1, 2, 1, '2020-11-14 14:00:00', 9.00, ''),
(1551, 24, 1, 3, 1, '2020-11-14 14:00:00', 9.00, ''),
(1552, 20, 2, 1, 1, '2020-11-14 14:00:00', 9.00, ''),
(1553, 19, 2, 2, 1, '2020-11-14 14:00:00', 9.00, ''),
(1554, 9, 2, 3, 1, '2020-11-14 14:00:00', 9.00, ''),
(1555, 10, 2, 4, 1, '2020-11-14 14:00:00', 9.00, ''),
(1556, 15, 3, 1, 1, '2020-11-14 14:00:00', 9.00, ''),
(1557, 17, 3, 2, 1, '2020-11-14 14:00:00', 9.00, ''),
(1558, 21, 3, 3, 1, '2020-11-14 14:00:00', 9.00, ''),
(1559, 2, 3, 4, 1, '2020-11-14 14:00:00', 9.00, ''),
(1560, 24, 3, 5, 1, '2020-11-14 14:00:00', 9.00, ''),
(1561, 16, 1, 1, 1, '2020-11-14 16:30:00', 9.00, ''),
(1562, 8, 1, 2, 1, '2020-11-14 16:30:00', 9.00, ''),
(1563, 14, 1, 3, 1, '2020-11-14 16:30:00', 9.00, ''),
(1564, 8, 2, 1, 1, '2020-11-14 16:30:00', 9.00, ''),
(1565, 23, 2, 2, 1, '2020-11-14 16:30:00', 9.00, ''),
(1566, 22, 2, 3, 1, '2020-11-14 16:30:00', 9.00, ''),
(1567, 21, 2, 4, 1, '2020-11-14 16:30:00', 9.00, ''),
(1568, 11, 3, 1, 1, '2020-11-14 16:30:00', 9.00, ''),
(1569, 17, 3, 2, 1, '2020-11-14 16:30:00', 9.00, ''),
(1570, 11, 3, 3, 1, '2020-11-14 16:30:00', 9.00, ''),
(1571, 10, 3, 4, 1, '2020-11-14 16:30:00', 9.00, ''),
(1572, 8, 3, 5, 1, '2020-11-14 16:30:00', 9.00, ''),
(1573, 18, 1, 1, 1, '2020-11-14 19:00:00', 9.00, ''),
(1574, 9, 1, 2, 1, '2020-11-14 19:00:00', 9.00, ''),
(1575, 18, 1, 3, 1, '2020-11-14 19:00:00', 9.00, ''),
(1576, 16, 2, 1, 1, '2020-11-14 19:00:00', 9.00, ''),
(1577, 18, 2, 2, 1, '2020-11-14 19:00:00', 9.00, ''),
(1578, 3, 2, 3, 1, '2020-11-14 19:00:00', 9.00, ''),
(1579, 25, 2, 4, 1, '2020-11-14 19:00:00', 9.00, ''),
(1580, 10, 3, 1, 1, '2020-11-14 19:00:00', 9.00, ''),
(1581, 15, 3, 2, 1, '2020-11-14 19:00:00', 9.00, ''),
(1582, 23, 3, 3, 1, '2020-11-14 19:00:00', 9.00, ''),
(1583, 4, 3, 4, 1, '2020-11-14 19:00:00', 9.00, ''),
(1584, 8, 3, 5, 1, '2020-11-14 19:00:00', 9.00, ''),
(1585, 7, 1, 1, 1, '2020-11-14 21:30:00', 9.00, ''),
(1586, 14, 1, 2, 1, '2020-11-14 21:30:00', 9.00, ''),
(1587, 23, 1, 3, 1, '2020-11-14 21:30:00', 9.00, ''),
(1588, 23, 2, 1, 1, '2020-11-14 21:30:00', 9.00, ''),
(1589, 9, 2, 2, 1, '2020-11-14 21:30:00', 9.00, ''),
(1590, 24, 2, 3, 1, '2020-11-14 21:30:00', 9.00, ''),
(1591, 22, 2, 4, 1, '2020-11-14 21:30:00', 9.00, ''),
(1592, 25, 3, 1, 1, '2020-11-14 21:30:00', 9.00, ''),
(1593, 6, 3, 2, 1, '2020-11-14 21:30:00', 9.00, ''),
(1594, 10, 3, 3, 1, '2020-11-14 21:30:00', 9.00, ''),
(1595, 8, 3, 4, 1, '2020-11-14 21:30:00', 9.00, ''),
(1596, 4, 3, 5, 1, '2020-11-14 21:30:00', 9.00, ''),
(1597, 11, 1, 1, 1, '2020-11-15 09:00:00', 9.00, ''),
(1598, 10, 1, 2, 1, '2020-11-15 09:00:00', 9.00, ''),
(1599, 13, 1, 3, 1, '2020-11-15 09:00:00', 9.00, ''),
(1600, 5, 2, 1, 1, '2020-11-15 09:00:00', 9.00, ''),
(1601, 9, 2, 2, 1, '2020-11-15 09:00:00', 9.00, ''),
(1602, 12, 2, 3, 1, '2020-11-15 09:00:00', 9.00, ''),
(1603, 20, 2, 4, 1, '2020-11-15 09:00:00', 9.00, ''),
(1604, 5, 3, 1, 1, '2020-11-15 09:00:00', 9.00, ''),
(1605, 15, 3, 2, 1, '2020-11-15 09:00:00', 9.00, ''),
(1606, 3, 3, 3, 1, '2020-11-15 09:00:00', 9.00, ''),
(1607, 25, 3, 4, 1, '2020-11-15 09:00:00', 9.00, ''),
(1608, 19, 3, 5, 1, '2020-11-15 09:00:00', 9.00, ''),
(1609, 11, 1, 1, 1, '2020-11-15 11:30:00', 9.00, ''),
(1610, 20, 1, 2, 1, '2020-11-15 11:30:00', 9.00, ''),
(1611, 5, 1, 3, 1, '2020-11-15 11:30:00', 9.00, ''),
(1612, 7, 2, 1, 1, '2020-11-15 11:30:00', 9.00, ''),
(1613, 12, 2, 2, 1, '2020-11-15 11:30:00', 9.00, ''),
(1614, 18, 2, 3, 1, '2020-11-15 11:30:00', 9.00, ''),
(1615, 4, 2, 4, 1, '2020-11-15 11:30:00', 9.00, ''),
(1616, 14, 3, 1, 1, '2020-11-15 11:30:00', 9.00, ''),
(1617, 23, 3, 2, 1, '2020-11-15 11:30:00', 9.00, ''),
(1618, 2, 3, 3, 1, '2020-11-15 11:30:00', 9.00, ''),
(1619, 4, 3, 4, 1, '2020-11-15 11:30:00', 9.00, ''),
(1620, 9, 3, 5, 1, '2020-11-15 11:30:00', 9.00, ''),
(1621, 17, 1, 1, 1, '2020-11-15 14:00:00', 9.00, ''),
(1622, 15, 1, 2, 1, '2020-11-15 14:00:00', 9.00, ''),
(1623, 4, 1, 3, 1, '2020-11-15 14:00:00', 9.00, ''),
(1624, 6, 2, 1, 1, '2020-11-15 14:00:00', 9.00, ''),
(1625, 11, 2, 2, 1, '2020-11-15 14:00:00', 9.00, ''),
(1626, 7, 2, 3, 1, '2020-11-15 14:00:00', 9.00, ''),
(1627, 9, 2, 4, 1, '2020-11-15 14:00:00', 9.00, ''),
(1628, 22, 3, 1, 1, '2020-11-15 14:00:00', 9.00, ''),
(1629, 17, 3, 2, 1, '2020-11-15 14:00:00', 9.00, ''),
(1630, 21, 3, 3, 1, '2020-11-15 14:00:00', 9.00, ''),
(1631, 1, 3, 4, 1, '2020-11-15 14:00:00', 9.00, ''),
(1632, 25, 3, 5, 1, '2020-11-15 14:00:00', 9.00, ''),
(1633, 8, 1, 1, 1, '2020-11-15 16:30:00', 9.00, ''),
(1634, 20, 1, 2, 1, '2020-11-15 16:30:00', 9.00, ''),
(1635, 5, 1, 3, 1, '2020-11-15 16:30:00', 9.00, ''),
(1636, 22, 2, 1, 1, '2020-11-15 16:30:00', 9.00, ''),
(1637, 23, 2, 2, 1, '2020-11-15 16:30:00', 9.00, ''),
(1638, 4, 2, 3, 1, '2020-11-15 16:30:00', 9.00, ''),
(1639, 16, 2, 4, 1, '2020-11-15 16:30:00', 9.00, ''),
(1640, 8, 3, 1, 1, '2020-11-15 16:30:00', 9.00, ''),
(1641, 24, 3, 2, 1, '2020-11-15 16:30:00', 9.00, ''),
(1642, 21, 3, 3, 1, '2020-11-15 16:30:00', 9.00, ''),
(1643, 15, 3, 4, 1, '2020-11-15 16:30:00', 9.00, ''),
(1644, 10, 3, 5, 1, '2020-11-15 16:30:00', 9.00, ''),
(1645, 13, 1, 1, 1, '2020-11-15 19:00:00', 9.00, ''),
(1646, 18, 1, 2, 1, '2020-11-15 19:00:00', 9.00, ''),
(1647, 24, 1, 3, 1, '2020-11-15 19:00:00', 9.00, ''),
(1648, 11, 2, 1, 1, '2020-11-15 19:00:00', 9.00, ''),
(1649, 20, 2, 2, 1, '2020-11-15 19:00:00', 9.00, ''),
(1650, 2, 2, 3, 1, '2020-11-15 19:00:00', 9.00, ''),
(1651, 19, 2, 4, 1, '2020-11-15 19:00:00', 9.00, ''),
(1652, 12, 3, 1, 1, '2020-11-15 19:00:00', 9.00, ''),
(1653, 16, 3, 2, 1, '2020-11-15 19:00:00', 9.00, ''),
(1654, 23, 3, 3, 1, '2020-11-15 19:00:00', 9.00, ''),
(1655, 18, 3, 4, 1, '2020-11-15 19:00:00', 9.00, ''),
(1656, 1, 3, 5, 1, '2020-11-15 19:00:00', 9.00, ''),
(1657, 4, 1, 1, 1, '2020-11-15 21:30:00', 9.00, ''),
(1658, 2, 1, 2, 1, '2020-11-15 21:30:00', 9.00, ''),
(1659, 23, 1, 3, 1, '2020-11-15 21:30:00', 9.00, ''),
(1660, 21, 2, 1, 1, '2020-11-15 21:30:00', 9.00, ''),
(1661, 22, 2, 2, 1, '2020-11-15 21:30:00', 9.00, ''),
(1662, 23, 2, 3, 1, '2020-11-15 21:30:00', 9.00, ''),
(1663, 21, 2, 4, 1, '2020-11-15 21:30:00', 9.00, ''),
(1664, 5, 3, 1, 1, '2020-11-15 21:30:00', 9.00, ''),
(1665, 18, 3, 2, 1, '2020-11-15 21:30:00', 9.00, ''),
(1666, 1, 3, 3, 1, '2020-11-15 21:30:00', 9.00, ''),
(1667, 2, 3, 4, 1, '2020-11-15 21:30:00', 9.00, ''),
(1668, 15, 3, 5, 1, '2020-11-15 21:30:00', 9.00, ''),
(1669, 8, 1, 1, 1, '2020-11-21 09:00:00', 9.00, ''),
(1670, 7, 1, 2, 1, '2020-11-21 09:00:00', 9.00, ''),
(1671, 15, 1, 3, 1, '2020-11-21 09:00:00', 9.00, ''),
(1672, 17, 2, 1, 1, '2020-11-21 09:00:00', 9.00, ''),
(1673, 25, 2, 2, 1, '2020-11-21 09:00:00', 9.00, ''),
(1674, 6, 2, 3, 1, '2020-11-21 09:00:00', 9.00, ''),
(1675, 21, 2, 4, 1, '2020-11-21 09:00:00', 9.00, ''),
(1676, 19, 3, 1, 1, '2020-11-21 09:00:00', 9.00, ''),
(1677, 7, 3, 2, 1, '2020-11-21 09:00:00', 9.00, ''),
(1678, 17, 3, 3, 1, '2020-11-21 09:00:00', 9.00, ''),
(1679, 24, 3, 4, 1, '2020-11-21 09:00:00', 9.00, ''),
(1680, 16, 3, 5, 1, '2020-11-21 09:00:00', 9.00, ''),
(1681, 23, 1, 1, 1, '2020-11-21 11:30:00', 9.00, ''),
(1682, 15, 1, 2, 1, '2020-11-21 11:30:00', 9.00, ''),
(1683, 12, 1, 3, 1, '2020-11-21 11:30:00', 9.00, ''),
(1684, 15, 2, 1, 1, '2020-11-21 11:30:00', 9.00, ''),
(1685, 6, 2, 2, 1, '2020-11-21 11:30:00', 9.00, ''),
(1686, 22, 2, 3, 1, '2020-11-21 11:30:00', 9.00, ''),
(1687, 20, 2, 4, 1, '2020-11-21 11:30:00', 9.00, ''),
(1688, 7, 3, 1, 1, '2020-11-21 11:30:00', 9.00, ''),
(1689, 12, 3, 2, 1, '2020-11-21 11:30:00', 9.00, ''),
(1690, 13, 3, 3, 1, '2020-11-21 11:30:00', 9.00, ''),
(1691, 14, 3, 4, 1, '2020-11-21 11:30:00', 9.00, ''),
(1692, 19, 3, 5, 1, '2020-11-21 11:30:00', 9.00, ''),
(1693, 2, 1, 1, 1, '2020-11-21 14:00:00', 9.00, ''),
(1694, 13, 1, 2, 1, '2020-11-21 14:00:00', 9.00, ''),
(1695, 24, 1, 3, 1, '2020-11-21 14:00:00', 9.00, ''),
(1696, 22, 2, 1, 1, '2020-11-21 14:00:00', 9.00, ''),
(1697, 22, 2, 2, 1, '2020-11-21 14:00:00', 9.00, ''),
(1698, 20, 2, 3, 1, '2020-11-21 14:00:00', 9.00, ''),
(1699, 20, 2, 4, 1, '2020-11-21 14:00:00', 9.00, ''),
(1700, 5, 3, 1, 1, '2020-11-21 14:00:00', 9.00, ''),
(1701, 1, 3, 2, 1, '2020-11-21 14:00:00', 9.00, ''),
(1702, 9, 3, 3, 1, '2020-11-21 14:00:00', 9.00, ''),
(1703, 21, 3, 4, 1, '2020-11-21 14:00:00', 9.00, ''),
(1704, 25, 3, 5, 1, '2020-11-21 14:00:00', 9.00, ''),
(1705, 15, 1, 1, 1, '2020-11-21 16:30:00', 9.00, ''),
(1706, 17, 1, 2, 1, '2020-11-21 16:30:00', 9.00, ''),
(1707, 19, 1, 3, 1, '2020-11-21 16:30:00', 9.00, ''),
(1708, 21, 2, 1, 1, '2020-11-21 16:30:00', 9.00, ''),
(1709, 8, 2, 2, 1, '2020-11-21 16:30:00', 9.00, ''),
(1710, 17, 2, 3, 1, '2020-11-21 16:30:00', 9.00, ''),
(1711, 11, 2, 4, 1, '2020-11-21 16:30:00', 9.00, ''),
(1712, 6, 3, 1, 1, '2020-11-21 16:30:00', 9.00, ''),
(1713, 7, 3, 2, 1, '2020-11-21 16:30:00', 9.00, ''),
(1714, 23, 3, 3, 1, '2020-11-21 16:30:00', 9.00, ''),
(1715, 20, 3, 4, 1, '2020-11-21 16:30:00', 9.00, ''),
(1716, 12, 3, 5, 1, '2020-11-21 16:30:00', 9.00, ''),
(1717, 19, 1, 1, 1, '2020-11-21 19:00:00', 9.00, ''),
(1718, 15, 1, 2, 1, '2020-11-21 19:00:00', 9.00, ''),
(1719, 18, 1, 3, 1, '2020-11-21 19:00:00', 9.00, ''),
(1720, 6, 2, 1, 1, '2020-11-21 19:00:00', 9.00, ''),
(1721, 2, 2, 2, 1, '2020-11-21 19:00:00', 9.00, ''),
(1722, 7, 2, 3, 1, '2020-11-21 19:00:00', 9.00, ''),
(1723, 24, 2, 4, 1, '2020-11-21 19:00:00', 9.00, ''),
(1724, 4, 3, 1, 1, '2020-11-21 19:00:00', 9.00, ''),
(1725, 20, 3, 2, 1, '2020-11-21 19:00:00', 9.00, ''),
(1726, 23, 3, 3, 1, '2020-11-21 19:00:00', 9.00, ''),
(1727, 25, 3, 4, 1, '2020-11-21 19:00:00', 9.00, ''),
(1728, 17, 3, 5, 1, '2020-11-21 19:00:00', 9.00, ''),
(1729, 17, 1, 1, 1, '2020-11-21 21:30:00', 9.00, ''),
(1730, 19, 1, 2, 1, '2020-11-21 21:30:00', 9.00, ''),
(1731, 21, 1, 3, 1, '2020-11-21 21:30:00', 9.00, ''),
(1732, 18, 2, 1, 1, '2020-11-21 21:30:00', 9.00, ''),
(1733, 2, 2, 2, 1, '2020-11-21 21:30:00', 9.00, ''),
(1734, 16, 2, 3, 1, '2020-11-21 21:30:00', 9.00, ''),
(1735, 17, 2, 4, 1, '2020-11-21 21:30:00', 9.00, ''),
(1736, 17, 3, 1, 1, '2020-11-21 21:30:00', 9.00, ''),
(1737, 8, 3, 2, 1, '2020-11-21 21:30:00', 9.00, ''),
(1738, 11, 3, 3, 1, '2020-11-21 21:30:00', 9.00, ''),
(1739, 12, 3, 4, 1, '2020-11-21 21:30:00', 9.00, ''),
(1740, 16, 3, 5, 1, '2020-11-21 21:30:00', 9.00, ''),
(1741, 17, 1, 1, 1, '2020-11-22 09:00:00', 9.00, ''),
(1742, 24, 1, 2, 1, '2020-11-22 09:00:00', 9.00, ''),
(1743, 20, 1, 3, 1, '2020-11-22 09:00:00', 9.00, ''),
(1744, 5, 2, 1, 1, '2020-11-22 09:00:00', 9.00, ''),
(1745, 18, 2, 2, 1, '2020-11-22 09:00:00', 9.00, ''),
(1746, 6, 2, 3, 1, '2020-11-22 09:00:00', 9.00, ''),
(1747, 19, 2, 4, 1, '2020-11-22 09:00:00', 9.00, ''),
(1748, 22, 3, 1, 1, '2020-11-22 09:00:00', 9.00, ''),
(1749, 11, 3, 2, 1, '2020-11-22 09:00:00', 9.00, ''),
(1750, 10, 3, 3, 1, '2020-11-22 09:00:00', 9.00, ''),
(1751, 9, 3, 4, 1, '2020-11-22 09:00:00', 9.00, ''),
(1752, 19, 3, 5, 1, '2020-11-22 09:00:00', 9.00, ''),
(1753, 20, 1, 1, 1, '2020-11-22 11:30:00', 9.00, ''),
(1754, 12, 1, 2, 1, '2020-11-22 11:30:00', 9.00, ''),
(1755, 24, 1, 3, 1, '2020-11-22 11:30:00', 9.00, ''),
(1756, 12, 2, 1, 1, '2020-11-22 11:30:00', 9.00, ''),
(1757, 12, 2, 2, 1, '2020-11-22 11:30:00', 9.00, ''),
(1758, 25, 2, 3, 1, '2020-11-22 11:30:00', 9.00, ''),
(1759, 20, 2, 4, 1, '2020-11-22 11:30:00', 9.00, ''),
(1760, 25, 3, 1, 1, '2020-11-22 11:30:00', 9.00, ''),
(1761, 8, 3, 2, 1, '2020-11-22 11:30:00', 9.00, ''),
(1762, 24, 3, 3, 1, '2020-11-22 11:30:00', 9.00, ''),
(1763, 10, 3, 4, 1, '2020-11-22 11:30:00', 9.00, ''),
(1764, 8, 3, 5, 1, '2020-11-22 11:30:00', 9.00, ''),
(1765, 17, 1, 1, 1, '2020-11-22 14:00:00', 9.00, ''),
(1766, 13, 1, 2, 1, '2020-11-22 14:00:00', 9.00, ''),
(1767, 1, 1, 3, 1, '2020-11-22 14:00:00', 9.00, ''),
(1768, 3, 2, 1, 1, '2020-11-22 14:00:00', 9.00, ''),
(1769, 4, 2, 2, 1, '2020-11-22 14:00:00', 9.00, ''),
(1770, 1, 2, 3, 1, '2020-11-22 14:00:00', 9.00, ''),
(1771, 16, 2, 4, 1, '2020-11-22 14:00:00', 9.00, ''),
(1772, 21, 3, 1, 1, '2020-11-22 14:00:00', 9.00, ''),
(1773, 24, 3, 2, 1, '2020-11-22 14:00:00', 9.00, ''),
(1774, 11, 3, 3, 1, '2020-11-22 14:00:00', 9.00, ''),
(1775, 25, 3, 4, 1, '2020-11-22 14:00:00', 9.00, ''),
(1776, 17, 3, 5, 1, '2020-11-22 14:00:00', 9.00, ''),
(1777, 17, 1, 1, 1, '2020-11-22 16:30:00', 9.00, ''),
(1778, 18, 1, 2, 1, '2020-11-22 16:30:00', 9.00, ''),
(1779, 13, 1, 3, 1, '2020-11-22 16:30:00', 9.00, ''),
(1780, 2, 2, 1, 1, '2020-11-22 16:30:00', 9.00, ''),
(1781, 3, 2, 2, 1, '2020-11-22 16:30:00', 9.00, ''),
(1782, 22, 2, 3, 1, '2020-11-22 16:30:00', 9.00, ''),
(1783, 20, 2, 4, 1, '2020-11-22 16:30:00', 9.00, ''),
(1784, 22, 3, 1, 1, '2020-11-22 16:30:00', 9.00, ''),
(1785, 9, 3, 2, 1, '2020-11-22 16:30:00', 9.00, ''),
(1786, 19, 3, 3, 1, '2020-11-22 16:30:00', 9.00, ''),
(1787, 9, 3, 4, 1, '2020-11-22 16:30:00', 9.00, ''),
(1788, 20, 3, 5, 1, '2020-11-22 16:30:00', 9.00, ''),
(1789, 18, 1, 1, 1, '2020-11-22 19:00:00', 9.00, ''),
(1790, 3, 1, 2, 1, '2020-11-22 19:00:00', 9.00, ''),
(1791, 19, 1, 3, 1, '2020-11-22 19:00:00', 9.00, ''),
(1792, 1, 2, 1, 1, '2020-11-22 19:00:00', 9.00, ''),
(1793, 2, 2, 2, 1, '2020-11-22 19:00:00', 9.00, ''),
(1794, 3, 2, 3, 1, '2020-11-22 19:00:00', 9.00, ''),
(1795, 9, 2, 4, 1, '2020-11-22 19:00:00', 9.00, ''),
(1796, 18, 3, 1, 1, '2020-11-22 19:00:00', 9.00, ''),
(1797, 16, 3, 2, 1, '2020-11-22 19:00:00', 9.00, ''),
(1798, 9, 3, 3, 1, '2020-11-22 19:00:00', 9.00, ''),
(1799, 21, 3, 4, 1, '2020-11-22 19:00:00', 9.00, ''),
(1800, 19, 3, 5, 1, '2020-11-22 19:00:00', 9.00, ''),
(1801, 9, 1, 1, 1, '2020-11-22 21:30:00', 9.00, ''),
(1802, 12, 1, 2, 1, '2020-11-22 21:30:00', 9.00, ''),
(1803, 14, 1, 3, 1, '2020-11-22 21:30:00', 9.00, ''),
(1804, 8, 2, 1, 1, '2020-11-22 21:30:00', 9.00, ''),
(1805, 22, 2, 2, 1, '2020-11-22 21:30:00', 9.00, ''),
(1806, 13, 2, 3, 1, '2020-11-22 21:30:00', 9.00, ''),
(1807, 24, 2, 4, 1, '2020-11-22 21:30:00', 9.00, ''),
(1808, 13, 3, 1, 1, '2020-11-22 21:30:00', 9.00, ''),
(1809, 6, 3, 2, 1, '2020-11-22 21:30:00', 9.00, ''),
(1810, 12, 3, 3, 1, '2020-11-22 21:30:00', 9.00, ''),
(1811, 15, 3, 4, 1, '2020-11-22 21:30:00', 9.00, ''),
(1812, 8, 3, 5, 1, '2020-11-22 21:30:00', 9.00, ''),
(1813, 19, 1, 1, 1, '2020-11-28 09:00:00', 9.00, ''),
(1814, 25, 1, 2, 1, '2020-11-28 09:00:00', 9.00, ''),
(1815, 6, 1, 3, 1, '2020-11-28 09:00:00', 9.00, ''),
(1816, 16, 2, 1, 1, '2020-11-28 09:00:00', 9.00, ''),
(1817, 7, 2, 2, 1, '2020-11-28 09:00:00', 9.00, ''),
(1818, 8, 2, 3, 1, '2020-11-28 09:00:00', 9.00, ''),
(1819, 24, 2, 4, 1, '2020-11-28 09:00:00', 9.00, ''),
(1820, 6, 3, 1, 1, '2020-11-28 09:00:00', 9.00, ''),
(1821, 1, 3, 2, 1, '2020-11-28 09:00:00', 9.00, ''),
(1822, 15, 3, 3, 1, '2020-11-28 09:00:00', 9.00, ''),
(1823, 12, 3, 4, 1, '2020-11-28 09:00:00', 9.00, ''),
(1824, 12, 3, 5, 1, '2020-11-28 09:00:00', 9.00, ''),
(1825, 14, 1, 1, 1, '2020-11-28 11:30:00', 9.00, ''),
(1826, 2, 1, 2, 1, '2020-11-28 11:30:00', 9.00, ''),
(1827, 16, 1, 3, 1, '2020-11-28 11:30:00', 9.00, ''),
(1828, 15, 2, 1, 1, '2020-11-28 11:30:00', 9.00, ''),
(1829, 1, 2, 2, 1, '2020-11-28 11:30:00', 9.00, ''),
(1830, 22, 2, 3, 1, '2020-11-28 11:30:00', 9.00, ''),
(1831, 7, 2, 4, 1, '2020-11-28 11:30:00', 9.00, ''),
(1832, 3, 3, 1, 1, '2020-11-28 11:30:00', 9.00, ''),
(1833, 20, 3, 2, 1, '2020-11-28 11:30:00', 9.00, ''),
(1834, 25, 3, 3, 1, '2020-11-28 11:30:00', 9.00, ''),
(1835, 9, 3, 4, 1, '2020-11-28 11:30:00', 9.00, ''),
(1836, 18, 3, 5, 1, '2020-11-28 11:30:00', 9.00, ''),
(1837, 12, 1, 1, 1, '2020-11-28 14:00:00', 9.00, ''),
(1838, 19, 1, 2, 1, '2020-11-28 14:00:00', 9.00, ''),
(1839, 22, 1, 3, 1, '2020-11-28 14:00:00', 9.00, ''),
(1840, 15, 2, 1, 1, '2020-11-28 14:00:00', 9.00, ''),
(1841, 4, 2, 2, 1, '2020-11-28 14:00:00', 9.00, ''),
(1842, 16, 2, 3, 1, '2020-11-28 14:00:00', 9.00, ''),
(1843, 21, 2, 4, 1, '2020-11-28 14:00:00', 9.00, ''),
(1844, 23, 3, 1, 1, '2020-11-28 14:00:00', 9.00, ''),
(1845, 15, 3, 2, 1, '2020-11-28 14:00:00', 9.00, ''),
(1846, 2, 3, 3, 1, '2020-11-28 14:00:00', 9.00, ''),
(1847, 13, 3, 4, 1, '2020-11-28 14:00:00', 9.00, ''),
(1848, 22, 3, 5, 1, '2020-11-28 14:00:00', 9.00, ''),
(1849, 9, 1, 1, 1, '2020-11-28 16:30:00', 9.00, ''),
(1850, 12, 1, 2, 1, '2020-11-28 16:30:00', 9.00, ''),
(1851, 2, 1, 3, 1, '2020-11-28 16:30:00', 9.00, ''),
(1852, 10, 2, 1, 1, '2020-11-28 16:30:00', 9.00, ''),
(1853, 2, 2, 2, 1, '2020-11-28 16:30:00', 9.00, ''),
(1854, 14, 2, 3, 1, '2020-11-28 16:30:00', 9.00, ''),
(1855, 22, 2, 4, 1, '2020-11-28 16:30:00', 9.00, ''),
(1856, 15, 3, 1, 1, '2020-11-28 16:30:00', 9.00, ''),
(1857, 15, 3, 2, 1, '2020-11-28 16:30:00', 9.00, ''),
(1858, 12, 3, 3, 1, '2020-11-28 16:30:00', 9.00, ''),
(1859, 5, 3, 4, 1, '2020-11-28 16:30:00', 9.00, ''),
(1860, 16, 3, 5, 1, '2020-11-28 16:30:00', 9.00, ''),
(1861, 9, 1, 1, 1, '2020-11-28 19:00:00', 9.00, ''),
(1862, 11, 1, 2, 1, '2020-11-28 19:00:00', 9.00, ''),
(1863, 18, 1, 3, 1, '2020-11-28 19:00:00', 9.00, ''),
(1864, 3, 2, 1, 1, '2020-11-28 19:00:00', 9.00, ''),
(1865, 10, 2, 2, 1, '2020-11-28 19:00:00', 9.00, ''),
(1866, 2, 2, 3, 1, '2020-11-28 19:00:00', 9.00, ''),
(1867, 21, 2, 4, 1, '2020-11-28 19:00:00', 9.00, ''),
(1868, 22, 3, 1, 1, '2020-11-28 19:00:00', 9.00, ''),
(1869, 21, 3, 2, 1, '2020-11-28 19:00:00', 9.00, ''),
(1870, 18, 3, 3, 1, '2020-11-28 19:00:00', 9.00, ''),
(1871, 11, 3, 4, 1, '2020-11-28 19:00:00', 9.00, ''),
(1872, 24, 3, 5, 1, '2020-11-28 19:00:00', 9.00, ''),
(1873, 8, 1, 1, 1, '2020-11-28 21:30:00', 9.00, ''),
(1874, 7, 1, 2, 1, '2020-11-28 21:30:00', 9.00, ''),
(1875, 21, 1, 3, 1, '2020-11-28 21:30:00', 9.00, ''),
(1876, 23, 2, 1, 1, '2020-11-28 21:30:00', 9.00, ''),
(1877, 8, 2, 2, 1, '2020-11-28 21:30:00', 9.00, ''),
(1878, 9, 2, 3, 1, '2020-11-28 21:30:00', 9.00, ''),
(1879, 20, 2, 4, 1, '2020-11-28 21:30:00', 9.00, ''),
(1880, 17, 3, 1, 1, '2020-11-28 21:30:00', 9.00, ''),
(1881, 21, 3, 2, 1, '2020-11-28 21:30:00', 9.00, ''),
(1882, 22, 3, 3, 1, '2020-11-28 21:30:00', 9.00, ''),
(1883, 2, 3, 4, 1, '2020-11-28 21:30:00', 9.00, ''),
(1884, 22, 3, 5, 1, '2020-11-28 21:30:00', 9.00, ''),
(1885, 7, 1, 1, 1, '2020-11-29 09:00:00', 9.00, ''),
(1886, 3, 1, 2, 1, '2020-11-29 09:00:00', 9.00, ''),
(1887, 14, 1, 3, 1, '2020-11-29 09:00:00', 9.00, ''),
(1888, 23, 2, 1, 1, '2020-11-29 09:00:00', 9.00, ''),
(1889, 13, 2, 2, 1, '2020-11-29 09:00:00', 9.00, ''),
(1890, 24, 2, 3, 1, '2020-11-29 09:00:00', 9.00, ''),
(1891, 6, 2, 4, 1, '2020-11-29 09:00:00', 9.00, ''),
(1892, 6, 3, 1, 1, '2020-11-29 09:00:00', 9.00, ''),
(1893, 8, 3, 2, 1, '2020-11-29 09:00:00', 9.00, ''),
(1894, 23, 3, 3, 1, '2020-11-29 09:00:00', 9.00, ''),
(1895, 21, 3, 4, 1, '2020-11-29 09:00:00', 9.00, ''),
(1896, 1, 3, 5, 1, '2020-11-29 09:00:00', 9.00, ''),
(1897, 1, 1, 1, 1, '2020-11-29 11:30:00', 9.00, ''),
(1898, 20, 1, 2, 1, '2020-11-29 11:30:00', 9.00, ''),
(1899, 10, 1, 3, 1, '2020-11-29 11:30:00', 9.00, ''),
(1900, 15, 2, 1, 1, '2020-11-29 11:30:00', 9.00, ''),
(1901, 18, 2, 2, 1, '2020-11-29 11:30:00', 9.00, ''),
(1902, 14, 2, 3, 1, '2020-11-29 11:30:00', 9.00, ''),
(1903, 23, 2, 4, 1, '2020-11-29 11:30:00', 9.00, ''),
(1904, 25, 3, 1, 1, '2020-11-29 11:30:00', 9.00, ''),
(1905, 2, 3, 2, 1, '2020-11-29 11:30:00', 9.00, ''),
(1906, 21, 3, 3, 1, '2020-11-29 11:30:00', 9.00, ''),
(1907, 22, 3, 4, 1, '2020-11-29 11:30:00', 9.00, ''),
(1908, 11, 3, 5, 1, '2020-11-29 11:30:00', 9.00, ''),
(1909, 19, 1, 1, 1, '2020-11-29 14:00:00', 9.00, ''),
(1910, 19, 1, 2, 1, '2020-11-29 14:00:00', 9.00, ''),
(1911, 11, 1, 3, 1, '2020-11-29 14:00:00', 9.00, ''),
(1912, 25, 2, 1, 1, '2020-11-29 14:00:00', 9.00, ''),
(1913, 4, 2, 2, 1, '2020-11-29 14:00:00', 9.00, ''),
(1914, 19, 2, 3, 1, '2020-11-29 14:00:00', 9.00, ''),
(1915, 3, 2, 4, 1, '2020-11-29 14:00:00', 9.00, ''),
(1916, 10, 3, 1, 1, '2020-11-29 14:00:00', 9.00, ''),
(1917, 21, 3, 2, 1, '2020-11-29 14:00:00', 9.00, ''),
(1918, 17, 3, 3, 1, '2020-11-29 14:00:00', 9.00, ''),
(1919, 8, 3, 4, 1, '2020-11-29 14:00:00', 9.00, ''),
(1920, 9, 3, 5, 1, '2020-11-29 14:00:00', 9.00, ''),
(1921, 16, 1, 1, 1, '2020-11-29 16:30:00', 9.00, ''),
(1922, 13, 1, 2, 1, '2020-11-29 16:30:00', 9.00, ''),
(1923, 14, 1, 3, 1, '2020-11-29 16:30:00', 9.00, ''),
(1924, 23, 2, 1, 1, '2020-11-29 16:30:00', 9.00, ''),
(1925, 11, 2, 2, 1, '2020-11-29 16:30:00', 9.00, ''),
(1926, 10, 2, 3, 1, '2020-11-29 16:30:00', 9.00, ''),
(1927, 24, 2, 4, 1, '2020-11-29 16:30:00', 9.00, ''),
(1928, 11, 3, 1, 1, '2020-11-29 16:30:00', 9.00, ''),
(1929, 4, 3, 2, 1, '2020-11-29 16:30:00', 9.00, ''),
(1930, 9, 3, 3, 1, '2020-11-29 16:30:00', 9.00, ''),
(1931, 1, 3, 4, 1, '2020-11-29 16:30:00', 9.00, ''),
(1932, 22, 3, 5, 1, '2020-11-29 16:30:00', 9.00, ''),
(1933, 22, 1, 1, 1, '2020-11-29 19:00:00', 9.00, ''),
(1934, 24, 1, 2, 1, '2020-11-29 19:00:00', 9.00, ''),
(1935, 21, 1, 3, 1, '2020-11-29 19:00:00', 9.00, ''),
(1936, 24, 2, 1, 1, '2020-11-29 19:00:00', 9.00, ''),
(1937, 19, 2, 2, 1, '2020-11-29 19:00:00', 9.00, ''),
(1938, 17, 2, 3, 1, '2020-11-29 19:00:00', 9.00, ''),
(1939, 10, 2, 4, 1, '2020-11-29 19:00:00', 9.00, ''),
(1940, 13, 3, 1, 1, '2020-11-29 19:00:00', 9.00, ''),
(1941, 10, 3, 2, 1, '2020-11-29 19:00:00', 9.00, ''),
(1942, 20, 3, 3, 1, '2020-11-29 19:00:00', 9.00, ''),
(1943, 12, 3, 4, 1, '2020-11-29 19:00:00', 9.00, ''),
(1944, 14, 3, 5, 1, '2020-11-29 19:00:00', 9.00, ''),
(1945, 13, 1, 1, 1, '2020-11-29 21:30:00', 9.00, ''),
(1946, 15, 1, 2, 1, '2020-11-29 21:30:00', 9.00, ''),
(1947, 23, 1, 3, 1, '2020-11-29 21:30:00', 9.00, ''),
(1948, 9, 2, 1, 1, '2020-11-29 21:30:00', 9.00, ''),
(1949, 7, 2, 2, 1, '2020-11-29 21:30:00', 9.00, ''),
(1950, 5, 2, 3, 1, '2020-11-29 21:30:00', 9.00, ''),
(1951, 18, 2, 4, 1, '2020-11-29 21:30:00', 9.00, ''),
(1952, 22, 3, 1, 1, '2020-11-29 21:30:00', 9.00, ''),
(1953, 18, 3, 2, 1, '2020-11-29 21:30:00', 9.00, ''),
(1954, 6, 3, 3, 1, '2020-11-29 21:30:00', 9.00, ''),
(1955, 20, 3, 4, 1, '2020-11-29 21:30:00', 9.00, ''),
(1956, 3, 3, 5, 1, '2020-11-29 21:30:00', 9.00, ''),
(1957, 25, 1, 1, 1, '2020-10-31 09:00:00', 9.00, ''),
(1958, 18, 1, 2, 1, '2020-10-31 09:00:00', 9.00, ''),
(1959, 7, 1, 3, 1, '2020-10-31 09:00:00', 9.00, ''),
(1960, 8, 2, 1, 1, '2020-10-31 09:00:00', 9.00, ''),
(1961, 15, 2, 2, 1, '2020-10-31 09:00:00', 9.00, ''),
(1962, 20, 2, 3, 1, '2020-10-31 09:00:00', 9.00, ''),
(1963, 1, 2, 4, 1, '2020-10-31 09:00:00', 9.00, ''),
(1964, 24, 3, 1, 1, '2020-10-31 09:00:00', 9.00, ''),
(1965, 16, 3, 2, 1, '2020-10-31 09:00:00', 9.00, ''),
(1966, 17, 3, 3, 1, '2020-10-31 09:00:00', 9.00, ''),
(1967, 4, 3, 4, 1, '2020-10-31 09:00:00', 9.00, ''),
(1968, 4, 3, 5, 1, '2020-10-31 09:00:00', 9.00, ''),
(1969, 3, 1, 1, 1, '2020-10-31 11:30:00', 9.00, ''),
(1970, 19, 1, 2, 1, '2020-10-31 11:30:00', 9.00, ''),
(1971, 16, 1, 3, 1, '2020-10-31 11:30:00', 9.00, ''),
(1972, 22, 2, 1, 1, '2020-10-31 11:30:00', 9.00, ''),
(1973, 13, 2, 2, 1, '2020-10-31 11:30:00', 9.00, ''),
(1974, 19, 2, 3, 1, '2020-10-31 11:30:00', 9.00, ''),
(1975, 15, 2, 4, 1, '2020-10-31 11:30:00', 9.00, ''),
(1976, 15, 3, 1, 1, '2020-10-31 11:30:00', 9.00, ''),
(1977, 21, 3, 2, 1, '2020-10-31 11:30:00', 9.00, ''),
(1978, 6, 3, 3, 1, '2020-10-31 11:30:00', 9.00, ''),
(1979, 22, 3, 4, 1, '2020-10-31 11:30:00', 9.00, ''),
(1980, 3, 3, 5, 1, '2020-10-31 11:30:00', 9.00, ''),
(1981, 2, 1, 1, 1, '2020-10-31 14:00:00', 9.00, ''),
(1982, 24, 1, 2, 1, '2020-10-31 14:00:00', 9.00, ''),
(1983, 24, 1, 3, 1, '2020-10-31 14:00:00', 9.00, ''),
(1984, 7, 2, 1, 1, '2020-10-31 14:00:00', 9.00, ''),
(1985, 12, 2, 2, 1, '2020-10-31 14:00:00', 9.00, ''),
(1986, 9, 2, 3, 1, '2020-10-31 14:00:00', 9.00, ''),
(1987, 19, 2, 4, 1, '2020-10-31 14:00:00', 9.00, ''),
(1988, 12, 3, 1, 1, '2020-10-31 14:00:00', 9.00, ''),
(1989, 1, 3, 2, 1, '2020-10-31 14:00:00', 9.00, ''),
(1990, 25, 3, 3, 1, '2020-10-31 14:00:00', 9.00, ''),
(1991, 19, 3, 4, 1, '2020-10-31 14:00:00', 9.00, ''),
(1992, 16, 3, 5, 1, '2020-10-31 14:00:00', 9.00, ''),
(1993, 20, 1, 1, 1, '2020-10-31 16:30:00', 9.00, ''),
(1994, 20, 1, 2, 1, '2020-10-31 16:30:00', 9.00, ''),
(1995, 15, 1, 3, 1, '2020-10-31 16:30:00', 9.00, ''),
(1996, 11, 2, 1, 1, '2020-10-31 16:30:00', 9.00, ''),
(1997, 12, 2, 2, 1, '2020-10-31 16:30:00', 9.00, ''),
(1998, 19, 2, 3, 1, '2020-10-31 16:30:00', 9.00, ''),
(1999, 15, 2, 4, 1, '2020-10-31 16:30:00', 9.00, ''),
(2000, 14, 3, 1, 1, '2020-10-31 16:30:00', 9.00, ''),
(2001, 12, 3, 2, 1, '2020-10-31 16:30:00', 9.00, ''),
(2002, 5, 3, 3, 1, '2020-10-31 16:30:00', 9.00, ''),
(2003, 10, 3, 4, 1, '2020-10-31 16:30:00', 9.00, ''),
(2004, 25, 3, 5, 1, '2020-10-31 16:30:00', 9.00, ''),
(2005, 23, 1, 1, 1, '2020-10-31 19:00:00', 9.00, ''),
(2006, 25, 1, 2, 1, '2020-10-31 19:00:00', 9.00, ''),
(2007, 15, 1, 3, 1, '2020-10-31 19:00:00', 9.00, ''),
(2008, 19, 2, 1, 1, '2020-10-31 19:00:00', 9.00, ''),
(2009, 6, 2, 2, 1, '2020-10-31 19:00:00', 9.00, ''),
(2010, 12, 2, 3, 1, '2020-10-31 19:00:00', 9.00, '');
INSERT INTO `movsessions` (`id`, `movie_id`, `cinema_id`, `hall`, `weekend`, `timing`, `price`, `taken_seats`) VALUES
(2011, 21, 2, 4, 1, '2020-10-31 19:00:00', 9.00, ''),
(2012, 7, 3, 1, 1, '2020-10-31 19:00:00', 9.00, ''),
(2013, 10, 3, 2, 1, '2020-10-31 19:00:00', 9.00, ''),
(2014, 20, 3, 3, 1, '2020-10-31 19:00:00', 9.00, ''),
(2015, 13, 3, 4, 1, '2020-10-31 19:00:00', 9.00, ''),
(2016, 22, 3, 5, 1, '2020-10-31 19:00:00', 9.00, ''),
(2017, 3, 1, 1, 1, '2020-10-31 21:30:00', 9.00, ''),
(2018, 7, 1, 2, 1, '2020-10-31 21:30:00', 9.00, ''),
(2019, 8, 1, 3, 1, '2020-10-31 21:30:00', 9.00, ''),
(2020, 4, 2, 1, 1, '2020-10-31 21:30:00', 9.00, ''),
(2021, 7, 2, 2, 1, '2020-10-31 21:30:00', 9.00, ''),
(2022, 2, 2, 3, 1, '2020-10-31 21:30:00', 9.00, ''),
(2023, 19, 2, 4, 1, '2020-10-31 21:30:00', 9.00, ''),
(2024, 2, 3, 1, 1, '2020-10-31 21:30:00', 9.00, ''),
(2025, 21, 3, 2, 1, '2020-10-31 21:30:00', 9.00, ''),
(2026, 9, 3, 3, 1, '2020-10-31 21:30:00', 9.00, ''),
(2027, 12, 3, 4, 1, '2020-10-31 21:30:00', 9.00, ''),
(2028, 8, 3, 5, 1, '2020-10-31 21:30:00', 9.00, '');

-- --------------------------------------------------------

--
-- Table structure for table `orders`
--

CREATE TABLE IF NOT EXISTS `orders` (
  `id` int(8) NOT NULL AUTO_INCREMENT,
  `user_id` int(8) NOT NULL,
  `movsession_id` int(8) NOT NULL,
  `timestamp` timestamp NOT NULL DEFAULT CURRENT_TIMESTAMP ON UPDATE CURRENT_TIMESTAMP,
  `quantity` int(8) NOT NULL,
  `selected_seats` varchar(1000) NOT NULL,
  PRIMARY KEY (`id`),
  KEY `user_id` (`user_id`),
  KEY `movsession_id` (`movsession_id`)
) ENGINE=InnoDB DEFAULT CHARSET=utf8 AUTO_INCREMENT=1 ;

-- --------------------------------------------------------

--
-- Table structure for table `users`
--

CREATE TABLE IF NOT EXISTS `users` (
  `id` int(8) NOT NULL AUTO_INCREMENT,
  `fname` varchar(255) NOT NULL,
  `email` varchar(255) NOT NULL,
  `password` varchar(255) NOT NULL,
  PRIMARY KEY (`id`)
) ENGINE=InnoDB DEFAULT CHARSET=utf8 AUTO_INCREMENT=1 ;

--
-- Constraints for dumped tables
--

--
-- Constraints for table `movsessions`
--
ALTER TABLE `movsessions`
  ADD CONSTRAINT `cinema_fk` FOREIGN KEY (`cinema_id`) REFERENCES `cinemas` (`id`),
  ADD CONSTRAINT `movie_fk` FOREIGN KEY (`movie_id`) REFERENCES `movies` (`id`);

--
-- Constraints for table `orders`
--
ALTER TABLE `orders`
  ADD CONSTRAINT `movsession_fk` FOREIGN KEY (`movsession_id`) REFERENCES `movsessions` (`id`),
  ADD CONSTRAINT `user_fk` FOREIGN KEY (`user_id`) REFERENCES `users` (`id`);

/*!40101 SET CHARACTER_SET_CLIENT=@OLD_CHARACTER_SET_CLIENT */;
/*!40101 SET CHARACTER_SET_RESULTS=@OLD_CHARACTER_SET_RESULTS */;
/*!40101 SET COLLATION_CONNECTION=@OLD_COLLATION_CONNECTION */;
